puzzleBlueprintId,title,concept,primaryFamily,secondaryFamilies,difficultyTier,intendedProgressionRange,playerFacingModality,accessibilityModalities,reusableComponentRequirementIds,collaborationProfile,requiredTools,outsideResearchExpectation,generatorVersion,answerFormat,serverValidationMethod,uniquenessProofMethod,estimatedSolveTime,hintLevel1,hintLevel2,implementationComplexity,mobileFeasibility,qualityScore,recommendationStatus,prototypeRequired,prototypeDelivered,tutorialConsideration,highComplexityShowpiece
PZB-001,Missing Commas Almanac,"Two short almanac entries contain identical words but different punctuation, spacing, and omissions. Aligning the entries makes the absences index a generated code.",TEXT_LANGUAGE_LITERARY,CRYPTO_NUMERIC_DATA,TIER_1_INITIATE,live assignments 1–10; tutorial-adjacent only,TEXT | DOCUMENT_COMPARE,SCREEN_READER_DATA | KEYBOARD_ONLY | HIGH_CONTRAST | PRINTABLE_WORKSHEET,PUZCMP-ACCESSIBILITY-MODE-SWITCHER | PUZCMP-ANSWER-SUBMISSION | PUZCMP-DOCUMENT-COMPARE | PUZCMP-HINT-PANEL | PUZCMP-PRINTABLE-WORKSHEET | PUZCMP-TIMER-BANNER | PUZCMP-UNDO-RESET-HISTORY,"{""rating"":""SUPPORTED"",""shareable"":[""method"",""tool suggestions"",""partial deductions"",""research sources""],""nonShareable"":[""instance answer"",""validation token"",""server seed""]}",notes,NONE,1.0.0,SIX_DIGIT_CODE,"Normalize only blueprint-declared syntax, then compare with the server-held canonical representation using constant-time equality or validate the submitted arrangement/route against the server-held instance constraints. Client receives only a resolution receipt.",Blueprint-specific exhaustive/CSP/SAT-equivalent solver must return exactly one solution; proof digest is stored with the instance.,10–30 minutes,Bobalus points toward the text language literary representation and suggests the first useful tool without naming an intermediate value.,"Bobalus identifies this operation: Normalize only letter case; retain punctuation and blank positions, align by token ordinal, then read the symbols missing from the second entry. He injects one instance-specific control label, never the final answer.",MEDIUM,FULL,90,TUTORIAL_CANDIDATE,false,false,true,false
PZB-002,Twin-Column Punctuation Echo,"Parallel witness statements look synonymous, but sentence boundaries and em-dash placement encode a coordinate walk through a letter table.",TEXT_LANGUAGE_LITERARY,LOGIC_CONSTRAINT,TIER_1_INITIATE,live assignments 1–10; tutorial-adjacent only,TEXT | GRID,SCREEN_READER_DATA | KEYBOARD_ONLY | HIGH_CONTRAST | PRINTABLE_WORKSHEET,PUZCMP-ACCESSIBILITY-MODE-SWITCHER | PUZCMP-ANSWER-SUBMISSION | PUZCMP-GRID-VIEWPORT | PUZCMP-HINT-PANEL | PUZCMP-PRINTABLE-WORKSHEET | PUZCMP-TIMER-BANNER | PUZCMP-UNDO-RESET-HISTORY,"{""rating"":""SUPPORTED"",""shareable"":[""method"",""tool suggestions"",""partial deductions"",""research sources""],""nonShareable"":[""instance answer"",""validation token"",""server seed""]}",notes,NONE,1.0.0,EIGHT_CHARACTER_ALPHANUMERIC,"Normalize only blueprint-declared syntax, then compare with the server-held canonical representation using constant-time equality or validate the submitted arrangement/route against the server-held instance constraints. Client receives only a resolution receipt.","Generate two independent derivations and property-test the carrier, controls, and answer; reject any instance with a second valid parse.",10–30 minutes,Bobalus points toward the text language literary representation and suggests the first useful tool without naming an intermediate value.,"Bobalus identifies this operation: Map comma, period, colon, and dash to four cardinal moves; apply only marks that occur in one column at the same word boundary. He injects one instance-specific control label, never the final answer.",MEDIUM,FULL,86,TUTORIAL_CANDIDATE,false,false,true,false
PZB-003,Edition Drift Acrostic,"A materially transformed chapter-title concept uses a generated private edition: reordered headings, one omitted title, and edition metadata determine an acrostic. Static public chapter lists alone are insufficient.",TEXT_LANGUAGE_LITERARY,CRYPTO_NUMERIC_DATA,TIER_1_INITIATE,live assignments 1–10; tutorial-adjacent only,TEXT | METADATA,SCREEN_READER_DATA | KEYBOARD_ONLY | HIGH_CONTRAST | PRINTABLE_WORKSHEET,PUZCMP-ACCESSIBILITY-MODE-SWITCHER | PUZCMP-ANSWER-SUBMISSION | PUZCMP-HINT-PANEL | PUZCMP-PRINTABLE-WORKSHEET | PUZCMP-TIMER-BANNER | PUZCMP-UNDO-RESET-HISTORY,"{""rating"":""SUPPORTED"",""shareable"":[""method"",""tool suggestions"",""partial deductions"",""research sources""],""nonShareable"":[""instance answer"",""validation token"",""server seed""]}",notes,OPTIONAL_DOCUMENT_LOOKUP,1.0.0,ORDERED_SYMBOL_SEQUENCE,"Normalize only blueprint-declared syntax, then compare with the server-held canonical representation using constant-time equality or validate the submitted arrangement/route against the server-held instance constraints. Client receives only a resolution receipt.","Generate two independent derivations and property-test the carrier, controls, and answer; reject any instance with a second valid parse.",10–30 minutes,Bobalus points toward the text language literary representation and suggests the first useful tool without naming an intermediate value.,"Bobalus identifies this operation: Verify the instance edition ID, sort titles by generated folio marks, insert the omitted-title placeholder, then take edition-selected initials. He injects one instance-specific control label, never the final answer.",MEDIUM,FULL,82,TUTORIAL_CANDIDATE,false,false,true,false
PZB-004,Pangram Margin Index,Generated pangrams have apparently decorative margin numerals; only letters whose first occurrence lands on a numeral survive.,TEXT_LANGUAGE_LITERARY,CRYPTO_NUMERIC_DATA,TIER_1_INITIATE,live assignments 1–10; tutorial-adjacent only,TEXT,SCREEN_READER_DATA | KEYBOARD_ONLY | HIGH_CONTRAST | PRINTABLE_WORKSHEET,PUZCMP-ACCESSIBILITY-MODE-SWITCHER | PUZCMP-ANSWER-SUBMISSION | PUZCMP-HINT-PANEL | PUZCMP-PRINTABLE-WORKSHEET | PUZCMP-TIMER-BANNER | PUZCMP-UNDO-RESET-HISTORY,"{""rating"":""SUPPORTED"",""shareable"":[""method"",""tool suggestions"",""partial deductions"",""research sources""],""nonShareable"":[""instance answer"",""validation token"",""server seed""]}",notes,NONE,1.0.0,SHORT_PHRASE,"Normalize only blueprint-declared syntax, then compare with the server-held canonical representation using constant-time equality or validate the submitted arrangement/route against the server-held instance constraints. Client receives only a resolution receipt.",Blueprint-specific exhaustive/CSP/SAT-equivalent solver must return exactly one solution; proof digest is stored with the instance.,10–30 minutes,Bobalus points toward the text language literary representation and suggests the first useful tool without naming an intermediate value.,"Bobalus identifies this operation: Track first occurrence of A-Z in each pangram and select positions listed by the alternating margin index. He injects one instance-specific control label, never the final answer.",MEDIUM,FULL,86,STRONG_CANDIDATE,false,false,false,false
PZB-005,Palindrome Breath Marks,A prose recital contains breath marks. Reading clauses forward and backward exposes marks that fail palindromic symmetry.,TEXT_LANGUAGE_LITERARY,AUDIO_MUSIC_SPECTRAL,TIER_1_INITIATE,live assignments 1–10; tutorial-adjacent only,TEXT | AUDIO_CAPTION,CAPTIONS | TRANSCRIPT_WITH_PAUSE_MARKS | KEYBOARD_ONLY | DYSLEXIA_AWARE,PUZCMP-ACCESSIBILITY-MODE-SWITCHER | PUZCMP-ANSWER-SUBMISSION | PUZCMP-AUDIO-TRANSPORT | PUZCMP-HINT-PANEL | PUZCMP-TIMER-BANNER | PUZCMP-UNDO-RESET-HISTORY,"{""rating"":""SUPPORTED"",""shareable"":[""method"",""tool suggestions"",""partial deductions"",""research sources""],""nonShareable"":[""instance answer"",""validation token"",""server seed""]}",notes,NONE,1.0.0,COORDINATE,"Normalize only blueprint-declared syntax, then compare with the server-held canonical representation using constant-time equality or validate the submitted arrangement/route against the server-held instance constraints. Client receives only a resolution receipt.","Generate two independent derivations and property-test the carrier, controls, and answer; reject any instance with a second valid parse.",10–30 minutes,Bobalus points toward the text language literary representation and suggests the first useful tool without naming an intermediate value.,"Bobalus identifies this operation: Tokenize clauses, reverse their normalized phoneme labels, and collect unmatched pause ordinals. He injects one instance-specific control label, never the final answer.",MEDIUM,FULL,86,STRONG_CANDIDATE,false,false,false,false
PZB-006,Redacted Concordance,Three redacted documents share a concordance. The same black bar means different lengths; only cross-document word-frequency constraints recover the generated phrase.,TEXT_LANGUAGE_LITERARY,LOGIC_CONSTRAINT,TIER_4_MASTER,live assignments 27–43,TEXT,SCREEN_READER_DATA | KEYBOARD_ONLY | HIGH_CONTRAST | PRINTABLE_WORKSHEET,PUZCMP-ACCESSIBILITY-MODE-SWITCHER | PUZCMP-ANSWER-SUBMISSION | PUZCMP-COLLABORATION-PACKET | PUZCMP-HINT-PANEL | PUZCMP-PRINTABLE-WORKSHEET | PUZCMP-TIMER-BANNER | PUZCMP-UNDO-RESET-HISTORY,"{""rating"":""STRONG"",""divisibleTasks"":true,""shareable"":[""method"",""tool suggestions"",""partial deductions"",""research sources""],""nonShareable"":[""instance answer"",""validation token"",""server seed""]}",notes,OPTIONAL_CORPUS_LOOKUP,1.0.0,OBJECT_ARRANGEMENT_SIGNATURE,"Normalize only blueprint-declared syntax, then compare with the server-held canonical representation using constant-time equality or validate the submitted arrangement/route against the server-held instance constraints. Client receives only a resolution receipt.",Blueprint-specific exhaustive/CSP/SAT-equivalent solver must return exactly one solution; proof digest is stored with the instance.,3–8 hours,Bobalus points toward the text language literary representation and suggests the first useful tool without naming an intermediate value.,"Bobalus identifies this operation: Solve redaction lengths against a generated vocabulary and sentence grammar, then select the unique concordant phrase. He injects one instance-specific control label, never the final answer.",MEDIUM,FULL,88,STRONG_CANDIDATE,false,false,false,false
PZB-007,Footnote Dependency Graph,"Footnotes cite one another in a directed graph; dangling, circular, and unreachable notes encode different symbol classes.",TEXT_LANGUAGE_LITERARY,LOGIC_CONSTRAINT | CRYPTO_NUMERIC_DATA,TIER_4_MASTER,live assignments 27–43,TEXT | GRAPH,SCREEN_READER_DATA | KEYBOARD_ONLY | HIGH_CONTRAST | PRINTABLE_WORKSHEET,PUZCMP-ACCESSIBILITY-MODE-SWITCHER | PUZCMP-ANSWER-SUBMISSION | PUZCMP-COLLABORATION-PACKET | PUZCMP-HINT-PANEL | PUZCMP-PRINTABLE-WORKSHEET | PUZCMP-TIMER-BANNER | PUZCMP-UNDO-RESET-HISTORY,"{""rating"":""STRONG"",""divisibleTasks"":true,""shareable"":[""method"",""tool suggestions"",""partial deductions"",""research sources""],""nonShareable"":[""instance answer"",""validation token"",""server seed""]}",notes | graph paper | optional graph viewer,NONE,1.0.0,SIX_DIGIT_CODE,"Normalize only blueprint-declared syntax, then compare with the server-held canonical representation using constant-time equality or validate the submitted arrangement/route against the server-held instance constraints. Client receives only a resolution receipt.",Blueprint-specific exhaustive/CSP/SAT-equivalent solver must return exactly one solution; proof digest is stored with the instance.,3–8 hours,Bobalus points toward the text language literary representation and suggests the first useful tool without naming an intermediate value.,"Bobalus identifies this operation: Construct the citation graph, collapse strongly connected components, topologically order the remainder, and read component labels. He injects one instance-specific control label, never the final answer.",MEDIUM,FULL,88,STRONG_CANDIDATE,false,false,false,false
PZB-008,Homograph Ledger,A ledger uses generated homographs whose pronunciation or meaning changes by context. Sense tags hidden in accounting structure select the correct reading.,TEXT_LANGUAGE_LITERARY,HISTORICAL_RESEARCH,TIER_3_EXPERT,live assignments 16–32,TEXT,SCREEN_READER_DATA | KEYBOARD_ONLY | HIGH_CONTRAST | PRINTABLE_WORKSHEET,PUZCMP-ACCESSIBILITY-MODE-SWITCHER | PUZCMP-ANSWER-SUBMISSION | PUZCMP-COLLABORATION-PACKET | PUZCMP-HINT-PANEL | PUZCMP-PRINTABLE-WORKSHEET | PUZCMP-TIMER-BANNER | PUZCMP-UNDO-RESET-HISTORY,"{""rating"":""STRONG"",""divisibleTasks"":true,""shareable"":[""method"",""tool suggestions"",""partial deductions"",""research sources""],""nonShareable"":[""instance answer"",""validation token"",""server seed""]}",notes,RESPONSIBLE_DICTIONARY_RESEARCH,1.0.0,EIGHT_CHARACTER_ALPHANUMERIC,"Normalize only blueprint-declared syntax, then compare with the server-held canonical representation using constant-time equality or validate the submitted arrangement/route against the server-held instance constraints. Client receives only a resolution receipt.","Generate two independent derivations and property-test the carrier, controls, and answer; reject any instance with a second valid parse.",1–3 hours,Bobalus points toward the text language literary representation and suggests the first useful tool without naming an intermediate value.,"Bobalus identifies this operation: Classify each repeated spelling by grammatical role and ledger column, then translate sense ordinals to symbols. He injects one instance-specific control label, never the final answer.",MEDIUM,FULL,84,STRONG_CANDIDATE,false,false,false,false
PZB-009,Shuffled Micro-Narrative Reconstruction,"Inspired by the reconstructive satisfaction of Cain's Jawbone without reproducing its scale, forty generated fragments contain tense, weather, object-state, and speaker clues that establish one order.",TEXT_LANGUAGE_LITERARY,LOGIC_CONSTRAINT | HISTORICAL_RESEARCH,TIER_5_ORDEAL,live assignments 38–48 and authored finales,TEXT | TIMELINE | CARDS,SCREEN_READER_DATA | KEYBOARD_ONLY | HIGH_CONTRAST | PRINTABLE_WORKSHEET,PUZCMP-ACCESSIBILITY-MODE-SWITCHER | PUZCMP-ANSWER-SUBMISSION | PUZCMP-COLLABORATION-PACKET | PUZCMP-HINT-PANEL | PUZCMP-PRINTABLE-WORKSHEET | PUZCMP-TIMER-BANNER | PUZCMP-UNDO-RESET-HISTORY,"{""rating"":""STRONG"",""divisibleTasks"":true,""shareable"":[""method"",""tool suggestions"",""partial deductions"",""research sources""],""nonShareable"":[""instance answer"",""validation token"",""server seed""]}",notes,OPTIONAL_CONTEXT_RESEARCH,1.0.0,ORDERED_SYMBOL_SEQUENCE,"Normalize only blueprint-declared syntax, then compare with the server-held canonical representation using constant-time equality or validate the submitted arrangement/route against the server-held instance constraints. Client receives only a resolution receipt.",Blueprint-specific exhaustive/CSP/SAT-equivalent solver must return exactly one solution; proof digest is stored with the instance.,6–20 hours across sessions,Bobalus points toward the text language literary representation and suggests the first useful tool without naming an intermediate value.,"Bobalus identifies this operation: Build a precedence graph from internal state changes and temporal references; the unique topological order yields edge letters. He injects one instance-specific control label, never the final answer.",MEDIUM,FULL,88,HIGH_COMPLEXITY_SHOWPIECE,false,false,false,true
PZB-010,Ligature Frequency Layer,A typeset page alternates equivalent ligatures and letter pairs. Their distribution forms a low-resolution bitmap after reflow at the instructed width.,TEXT_LANGUAGE_LITERARY,VISUAL_COLOR_OPTICAL,TIER_1_INITIATE,live assignments 1–10; tutorial-adjacent only,TEXT | OPTICAL_BITMAP,SCREEN_READER_LIGATURE_TABLE | TEXT_SCALING | HIGH_CONTRAST | PRINTABLE_WORKSHEET,PUZCMP-ACCESSIBILITY-MODE-SWITCHER | PUZCMP-ANSWER-SUBMISSION | PUZCMP-GRID-VIEWPORT | PUZCMP-HINT-PANEL | PUZCMP-IMAGE-TRANSFORM | PUZCMP-PRINTABLE-WORKSHEET | PUZCMP-TIMER-BANNER | PUZCMP-UNDO-RESET-HISTORY,"{""rating"":""SUPPORTED"",""shareable"":[""method"",""tool suggestions"",""partial deductions"",""research sources""],""nonShareable"":[""instance answer"",""validation token"",""server seed""]}",notes,NONE,1.0.0,SHORT_PHRASE,"Normalize only blueprint-declared syntax, then compare with the server-held canonical representation using constant-time equality or validate the submitted arrangement/route against the server-held instance constraints. Client receives only a resolution receipt.","Generate two independent derivations and property-test the carrier, controls, and answer; reject any instance with a second valid parse.",10–30 minutes,Bobalus points toward the text language literary representation and suggests the first useful tool without naming an intermediate value.,"Bobalus identifies this operation: Reflow to the generated column width, mark ligature versus expanded pair, and decode the resulting bitmap font. He injects one instance-specific control label, never the final answer.",MEDIUM,FULL,86,STRONG_CANDIDATE,false,false,false,false
PZB-011,Ordinal Cancellation Files,Two independently plausible text matrices use signed alphabet offsets. Corresponding values that sum to zero form a generated six-character bitmap.,CRYPTO_NUMERIC_DATA,TEXT_LANGUAGE_LITERARY | VISUAL_COLOR_OPTICAL,TIER_1_INITIATE,live assignments 1–10; tutorial-adjacent only,TWO_TEXT_FILES | MATRIX | BITMAP,SCREEN_READER_DATA | KEYBOARD_ONLY | HIGH_CONTRAST | PRINTABLE_WORKSHEET,PUZCMP-ACCESSIBILITY-MODE-SWITCHER | PUZCMP-ANSWER-SUBMISSION | PUZCMP-DOCUMENT-COMPARE | PUZCMP-GRID-VIEWPORT | PUZCMP-HINT-PANEL | PUZCMP-MATRIX-LAB | PUZCMP-PRINTABLE-WORKSHEET | PUZCMP-TIMER-BANNER | PUZCMP-UNDO-RESET-HISTORY,"{""rating"":""SUPPORTED"",""shareable"":[""method"",""tool suggestions"",""partial deductions"",""research sources""],""nonShareable"":[""instance answer"",""validation token"",""server seed""]}",spreadsheet | short script | graph paper,NONE,1.0.0,COORDINATE,"Normalize only blueprint-declared syntax, then compare with the server-held canonical representation using constant-time equality or validate the submitted arrangement/route against the server-held instance constraints. Client receives only a resolution receipt.",Blueprint-specific exhaustive/CSP/SAT-equivalent solver must return exactly one solution; proof digest is stored with the instance.,10–30 minutes,"The two documents are meant to be read together, cell for cell.","Map A through Z symmetrically around zero, add corresponding cells, and plot only exact cancellations.",MEDIUM,FULL,94,TUTORIAL_CANDIDATE,true,true,true,false
PZB-012,Set Union / Intersection Ambigram,U and I act as both literal characters and formally scoped union/intersection operators. Generated set cards have exactly one parse that satisfies the checksum.,CRYPTO_NUMERIC_DATA,TEXT_LANGUAGE_LITERARY | LOGIC_CONSTRAINT,TIER_1_INITIATE,live assignments 1–10; tutorial-adjacent only,SET_CARDS | TEXT_NOTATION,SCREEN_READER_DATA | KEYBOARD_ONLY | HIGH_CONTRAST | PRINTABLE_WORKSHEET,PUZCMP-ACCESSIBILITY-MODE-SWITCHER | PUZCMP-ANSWER-SUBMISSION | PUZCMP-COLLABORATION-PACKET | PUZCMP-HINT-PANEL | PUZCMP-MUSIC-NOTATION-RAIL | PUZCMP-PRINTABLE-WORKSHEET | PUZCMP-SET-WORKBENCH | PUZCMP-TIMER-BANNER | PUZCMP-UNDO-RESET-HISTORY,"{""rating"":""STRONG"",""divisibleTasks"":true,""shareable"":[""method"",""tool suggestions"",""partial deductions"",""research sources""],""nonShareable"":[""instance answer"",""validation token"",""server seed""]}",paper | optional set calculator,NONE,1.0.0,OBJECT_ARRANGEMENT_SIGNATURE,"Normalize only blueprint-declared syntax, then compare with the server-held canonical representation using constant-time equality or validate the submitted arrangement/route against the server-held instance constraints. Client receives only a resolution receipt.",Blueprint-specific exhaustive/CSP/SAT-equivalent solver must return exactly one solution; proof digest is stored with the instance.,10–30 minutes,"U and I are not always letters, but they are not always operators either.","Use the scope marks to enumerate parses, apply union before the indicated intersections, and keep the sole checksum-valid result.",MEDIUM,FULL,92,TUTORIAL_CANDIDATE,true,true,true,false
PZB-013,Checksum Window,A long record has overlapping windows with several plausible checksums. Only one window size and checksum family agrees with all control rows.,CRYPTO_NUMERIC_DATA,LOGIC_CONSTRAINT,TIER_2_ADEPT,live assignments 7–20,TEXT,SCREEN_READER_DATA | KEYBOARD_ONLY | HIGH_CONTRAST | PRINTABLE_WORKSHEET,PUZCMP-ACCESSIBILITY-MODE-SWITCHER | PUZCMP-ANSWER-SUBMISSION | PUZCMP-HINT-PANEL | PUZCMP-PRINTABLE-WORKSHEET | PUZCMP-TIMER-BANNER | PUZCMP-UNDO-RESET-HISTORY,"{""rating"":""SUPPORTED"",""shareable"":[""method"",""tool suggestions"",""partial deductions"",""research sources""],""nonShareable"":[""instance answer"",""validation token"",""server seed""]}",spreadsheet | short script,NONE,1.0.0,SIX_DIGIT_CODE,"Normalize only blueprint-declared syntax, then compare with the server-held canonical representation using constant-time equality or validate the submitted arrangement/route against the server-held instance constraints. Client receives only a resolution receipt.",Blueprint-specific exhaustive/CSP/SAT-equivalent solver must return exactly one solution; proof digest is stored with the instance.,30–75 minutes,Bobalus points toward the crypto numeric data representation and suggests the first useful tool without naming an intermediate value.,"Bobalus identifies this operation: Infer the checksum from control rows, slide the selected window across payload rows, and translate passing window ordinals. He injects one instance-specific control label, never the final answer.",MEDIUM,FULL,86,STRONG_CANDIDATE,false,false,false,false
PZB-014,Modular Timestamp Weave,Generated timestamps in mixed calendar and clock conventions become loom coordinates after modular normalization.,CRYPTO_NUMERIC_DATA,HISTORICAL_RESEARCH,TIER_2_ADEPT,live assignments 7–20,TABLE | GRID,SCREEN_READER_DATA | KEYBOARD_ONLY | HIGH_CONTRAST | PRINTABLE_WORKSHEET,PUZCMP-ACCESSIBILITY-MODE-SWITCHER | PUZCMP-ANSWER-SUBMISSION | PUZCMP-GRID-VIEWPORT | PUZCMP-HINT-PANEL | PUZCMP-PRINTABLE-WORKSHEET | PUZCMP-TIMER-BANNER | PUZCMP-UNDO-RESET-HISTORY,"{""rating"":""SUPPORTED"",""shareable"":[""method"",""tool suggestions"",""partial deductions"",""research sources""],""nonShareable"":[""instance answer"",""validation token"",""server seed""]}",notes,OPTIONAL_TIME_STANDARD_RESEARCH,1.0.0,EIGHT_CHARACTER_ALPHANUMERIC,"Normalize only blueprint-declared syntax, then compare with the server-held canonical representation using constant-time equality or validate the submitted arrangement/route against the server-held instance constraints. Client receives only a resolution receipt.","Generate two independent derivations and property-test the carrier, controls, and answer; reject any instance with a second valid parse.",30–75 minutes,Bobalus points toward the crypto numeric data representation and suggests the first useful tool without naming an intermediate value.,"Bobalus identifies this operation: Normalize declared zones/calendars, reduce day and minute fields modulo the loom dimensions, and read intersections. He injects one instance-specific control label, never the final answer.",MEDIUM,FULL,82,STRONG_CANDIDATE,false,false,false,false
PZB-015,Bit-Plane Ledger,Inventory quantities look mundane until decomposed into eight bit planes. One generated plane contains the symbol sequence while the others are balanced noise.,CRYPTO_NUMERIC_DATA,VISUAL_COLOR_OPTICAL,TIER_2_ADEPT,live assignments 7–20,TABLE | BITMAP,SCREEN_READER_DATA | KEYBOARD_ONLY | HIGH_CONTRAST | PRINTABLE_WORKSHEET,PUZCMP-ACCESSIBILITY-MODE-SWITCHER | PUZCMP-ANSWER-SUBMISSION | PUZCMP-GRID-VIEWPORT | PUZCMP-HINT-PANEL | PUZCMP-PRINTABLE-WORKSHEET | PUZCMP-TIMER-BANNER | PUZCMP-UNDO-RESET-HISTORY,"{""rating"":""SUPPORTED"",""shareable"":[""method"",""tool suggestions"",""partial deductions"",""research sources""],""nonShareable"":[""instance answer"",""validation token"",""server seed""]}",spreadsheet | image editor | short script,NONE,1.0.0,ORDERED_SYMBOL_SEQUENCE,"Normalize only blueprint-declared syntax, then compare with the server-held canonical representation using constant-time equality or validate the submitted arrangement/route against the server-held instance constraints. Client receives only a resolution receipt.",Blueprint-specific exhaustive/CSP/SAT-equivalent solver must return exactly one solution; proof digest is stored with the instance.,30–75 minutes,Bobalus points toward the crypto numeric data representation and suggests the first useful tool without naming an intermediate value.,"Bobalus identifies this operation: Convert values to fixed-width binary, render each bit position as a plane, and select the plane identified by parity controls. He injects one instance-specific control label, never the final answer.",MEDIUM,FULL,86,STRONG_CANDIDATE,false,false,false,false
PZB-016,Coordinate Transposition Audit,Two coordinate logs use different axis orders and origins. Correctly reconciling them leaves an ordered route.,CRYPTO_NUMERIC_DATA,LOGIC_CONSTRAINT,TIER_2_ADEPT,live assignments 7–20,FILES | MAP,SCREEN_READER_DATA | KEYBOARD_ONLY | HIGH_CONTRAST | PRINTABLE_WORKSHEET,PUZCMP-ACCESSIBILITY-MODE-SWITCHER | PUZCMP-ANSWER-SUBMISSION | PUZCMP-GRID-VIEWPORT | PUZCMP-HINT-PANEL | PUZCMP-PRINTABLE-WORKSHEET | PUZCMP-TIMER-BANNER | PUZCMP-UNDO-RESET-HISTORY,"{""rating"":""SUPPORTED"",""shareable"":[""method"",""tool suggestions"",""partial deductions"",""research sources""],""nonShareable"":[""instance answer"",""validation token"",""server seed""]}",notes,NONE,1.0.0,SHORT_PHRASE,"Normalize only blueprint-declared syntax, then compare with the server-held canonical representation using constant-time equality or validate the submitted arrangement/route against the server-held instance constraints. Client receives only a resolution receipt.",Blueprint-specific exhaustive/CSP/SAT-equivalent solver must return exactly one solution; proof digest is stored with the instance.,30–75 minutes,Bobalus points toward the crypto numeric data representation and suggests the first useful tool without naming an intermediate value.,"Bobalus identifies this operation: Infer each convention from calibration records, transform both sets into the canonical frame, and follow matched points by timestamp. He injects one instance-specific control label, never the final answer.",MEDIUM,FULL,86,STRONG_CANDIDATE,false,false,false,false
PZB-017,Error-Correcting Symbol Strip,"A strip contains generated symbols with burst errors. Parity blocks repair it, but the error locations themselves encode a second answer layer.",CRYPTO_NUMERIC_DATA,VISUAL_COLOR_OPTICAL,TIER_3_EXPERT,live assignments 16–32,TEXT,SCREEN_READER_DATA | KEYBOARD_ONLY | HIGH_CONTRAST | PRINTABLE_WORKSHEET,PUZCMP-ACCESSIBILITY-MODE-SWITCHER | PUZCMP-ANSWER-SUBMISSION | PUZCMP-COLLABORATION-PACKET | PUZCMP-HINT-PANEL | PUZCMP-PRINTABLE-WORKSHEET | PUZCMP-TIMER-BANNER | PUZCMP-UNDO-RESET-HISTORY,"{""rating"":""STRONG"",""divisibleTasks"":true,""shareable"":[""method"",""tool suggestions"",""partial deductions"",""research sources""],""nonShareable"":[""instance answer"",""validation token"",""server seed""]}",paper | spreadsheet | short script,NONE,1.0.0,COORDINATE,"Normalize only blueprint-declared syntax, then compare with the server-held canonical representation using constant-time equality or validate the submitted arrangement/route against the server-held instance constraints. Client receives only a resolution receipt.",Blueprint-specific exhaustive/CSP/SAT-equivalent solver must return exactly one solution; proof digest is stored with the instance.,1–3 hours,Bobalus points toward the crypto numeric data representation and suggests the first useful tool without naming an intermediate value.,"Bobalus identifies this operation: Use the declared Hamming-like parity layout to correct each block, then translate corrected positions rather than corrected data. He injects one instance-specific control label, never the final answer.",MEDIUM,FULL,88,STRONG_CANDIDATE,false,false,false,false
PZB-018,Merkle Leaf Path,A player-specific collection of records supplies leaf hashes and sibling proofs. Only one record order reaches the signed root.,CRYPTO_NUMERIC_DATA,LOGIC_CONSTRAINT,TIER_4_MASTER,live assignments 27–43,TEXT,SCREEN_READER_DATA | KEYBOARD_ONLY | HIGH_CONTRAST | PRINTABLE_WORKSHEET,PUZCMP-ACCESSIBILITY-MODE-SWITCHER | PUZCMP-ANSWER-SUBMISSION | PUZCMP-HINT-PANEL | PUZCMP-PRINTABLE-WORKSHEET | PUZCMP-TIMER-BANNER | PUZCMP-UNDO-RESET-HISTORY,"{""rating"":""SUPPORTED"",""shareable"":[""method"",""tool suggestions"",""partial deductions"",""research sources""],""nonShareable"":[""instance answer"",""validation token"",""server seed""]}",hash utility | short script,OPTIONAL_CRYPTOGRAPHY_REFERENCE,1.0.0,OBJECT_ARRANGEMENT_SIGNATURE,"Normalize only blueprint-declared syntax, then compare with the server-held canonical representation using constant-time equality or validate the submitted arrangement/route against the server-held instance constraints. Client receives only a resolution receipt.",Blueprint-specific exhaustive/CSP/SAT-equivalent solver must return exactly one solution; proof digest is stored with the instance.,3–8 hours,Bobalus points toward the crypto numeric data representation and suggests the first useful tool without naming an intermediate value.,"Bobalus identifies this operation: Canonicalize records, hash leaves, verify sibling paths, and sort the accepted leaves by proof depth to form the code. He injects one instance-specific control label, never the final answer.",MEDIUM,FULL,86,STRONG_CANDIDATE,false,false,false,false
PZB-019,Sparse Matrix Nullspace,"A sparse integer matrix has many apparent patterns, but a bounded nullspace vector selects generated columns whose labels form the answer.",CRYPTO_NUMERIC_DATA,LOGIC_CONSTRAINT,TIER_5_ORDEAL,live assignments 38–48 and authored finales,TEXT,SCREEN_READER_DATA | KEYBOARD_ONLY | HIGH_CONTRAST | PRINTABLE_WORKSHEET,PUZCMP-ACCESSIBILITY-MODE-SWITCHER | PUZCMP-ANSWER-SUBMISSION | PUZCMP-COLLABORATION-PACKET | PUZCMP-HINT-PANEL | PUZCMP-PRINTABLE-WORKSHEET | PUZCMP-TIMER-BANNER | PUZCMP-UNDO-RESET-HISTORY,"{""rating"":""STRONG"",""divisibleTasks"":true,""shareable"":[""method"",""tool suggestions"",""partial deductions"",""research sources""],""nonShareable"":[""instance answer"",""validation token"",""server seed""]}",matrix calculator | short script,NONE,1.0.0,SIX_DIGIT_CODE,"Normalize only blueprint-declared syntax, then compare with the server-held canonical representation using constant-time equality or validate the submitted arrangement/route against the server-held instance constraints. Client receives only a resolution receipt.",Blueprint-specific exhaustive/CSP/SAT-equivalent solver must return exactly one solution; proof digest is stored with the instance.,6–20 hours across sessions,Bobalus points toward the crypto numeric data representation and suggests the first useful tool without naming an intermediate value.,"Bobalus identifies this operation: Solve Ax=0 over the stated finite field, choose the normalized minimum-weight vector, and read nonzero column labels. He injects one instance-specific control label, never the final answer.",MEDIUM,FULL,88,HIGH_COMPLEXITY_SHOWPIECE,false,false,false,true
PZB-020,Differential Archive Pack,Several compressed-looking change manifests describe revisions. Applying only semantically valid operations reconstructs a final record without exposing it as a plain diff.,CRYPTO_NUMERIC_DATA,TEXT_LANGUAGE_LITERARY,TIER_3_EXPERT,live assignments 16–32,FILE_MANIFESTS | TEXT_RECORD,SCREEN_READER_DATA | KEYBOARD_ONLY | HIGH_CONTRAST | PRINTABLE_WORKSHEET,PUZCMP-ACCESSIBILITY-MODE-SWITCHER | PUZCMP-ANSWER-SUBMISSION | PUZCMP-DOCUMENT-COMPARE | PUZCMP-HINT-PANEL | PUZCMP-PRINTABLE-WORKSHEET | PUZCMP-TIMER-BANNER | PUZCMP-UNDO-RESET-HISTORY,"{""rating"":""SUPPORTED"",""shareable"":[""method"",""tool suggestions"",""partial deductions"",""research sources""],""nonShareable"":[""instance answer"",""validation token"",""server seed""]}",text editor | optional diff tool,NONE,1.0.0,EIGHT_CHARACTER_ALPHANUMERIC,"Normalize only blueprint-declared syntax, then compare with the server-held canonical representation using constant-time equality or validate the submitted arrangement/route against the server-held instance constraints. Client receives only a resolution receipt.",Blueprint-specific exhaustive/CSP/SAT-equivalent solver must return exactly one solution; proof digest is stored with the instance.,1–3 hours,Bobalus points toward the crypto numeric data representation and suggests the first useful tool without naming an intermediate value.,"Bobalus identifies this operation: Validate operation preconditions, apply the unique consistent patch order, and read the final selected fields. He injects one instance-specific control label, never the final answer.",MEDIUM,FULL,86,STRONG_CANDIDATE,false,false,false,false
PZB-021,Typographic QR Threshold,A dense field of microtext has module-level luminance chosen so downsampling resolves a QR code. The QR contains only a signed player-bound route token.,VISUAL_COLOR_OPTICAL,CRYPTO_NUMERIC_DATA | TEXT_LANGUAGE_LITERARY,TIER_1_INITIATE,live assignments 1–10; tutorial-adjacent only,MICROTEXT_IMAGE | QR | SIGNED_WEB_ROUTE,DIRECT_SIGNED_LINK_AFTER_EQUIVALENT_TRANSFORM | MODULE_MATRIX_TABLE | SCREEN_READER_ROUTE_ACTION | HIGH_CONTRAST,PUZCMP-ACCESSIBILITY-MODE-SWITCHER | PUZCMP-ANSWER-SUBMISSION | PUZCMP-HINT-PANEL | PUZCMP-IMAGE-TRANSFORM | PUZCMP-NON3D-EQUIVALENT | PUZCMP-POLYHEDRON-VIEWER | PUZCMP-QR-BOUND-ROUTE | PUZCMP-TIMER-BANNER | PUZCMP-UNDO-RESET-HISTORY,"{""rating"":""SUPPORTED"",""shareable"":[""method"",""tool suggestions"",""partial deductions"",""research sources""],""nonShareable"":[""instance answer"",""validation token"",""server seed""]}",zoom | image editor | QR reader,NONE,1.0.0,ORDERED_SYMBOL_SEQUENCE,"Normalize only blueprint-declared syntax, then compare with the server-held canonical representation using constant-time equality or validate the submitted arrangement/route against the server-held instance constraints. Client receives only a resolution receipt.","Generate two independent derivations and property-test the carrier, controls, and answer; reject any instance with a second valid parse.",10–30 minutes,Bobalus points toward the visual color optical representation and suggests the first useful tool without naming an intermediate value.,"Bobalus identifies this operation: Downsample or blur to recover modules, scan the QR, authenticate, and complete the route's next generated stage. He injects one instance-specific control label, never the final answer.",MEDIUM,FULL,90,TUTORIAL_CANDIDATE,true,true,true,false
PZB-022,Color-Wheel Channel Tribunal,"Labeled shapes provide evidence for RGB additive, CMY subtractive, or artistic wheel behavior. Applying the inferred model reveals a generated sequence.",VISUAL_COLOR_OPTICAL,CRYPTO_NUMERIC_DATA,TIER_1_INITIATE,live assignments 1–10; tutorial-adjacent only,COLOR | SHAPES | TEXTURES | NUMERIC_CHANNELS,COLOR_LABELS | TEXTURES | NUMERIC_CHANNEL_TABLE | HIGH_CONTRAST,PUZCMP-ACCESSIBILITY-MODE-SWITCHER | PUZCMP-ANSWER-SUBMISSION | PUZCMP-COLOR-CHANNEL-LAB | PUZCMP-HINT-PANEL | PUZCMP-SHAPE-LAYER | PUZCMP-TILE-SIGNAL | PUZCMP-TIMER-BANNER | PUZCMP-UNDO-RESET-HISTORY,"{""rating"":""SUPPORTED"",""shareable"":[""method"",""tool suggestions"",""partial deductions"",""research sources""],""nonShareable"":[""instance answer"",""validation token"",""server seed""]}",notes,NONE,1.0.0,SHORT_PHRASE,"Normalize only blueprint-declared syntax, then compare with the server-held canonical representation using constant-time equality or validate the submitted arrangement/route against the server-held instance constraints. Client receives only a resolution receipt.",Blueprint-specific exhaustive/CSP/SAT-equivalent solver must return exactly one solution; proof digest is stored with the instance.,10–30 minutes,Bobalus points toward the visual color optical representation and suggests the first useful tool without naming an intermediate value.,"Bobalus identifies this operation: Use control swatches to identify the model, combine labeled channels, then read surviving shape and texture labels. He injects one instance-specific control label, never the final answer.",MEDIUM,FULL,90,TUTORIAL_CANDIDATE,false,false,true,false
PZB-023,Afterimage Shape Ledger,Timed fixation plates produce afterimages that align with labeled outlines; a non-afterimage numeric-channel path preserves the same reasoning.,VISUAL_COLOR_OPTICAL,AUDIO_MUSIC_SPECTRAL,TIER_2_ADEPT,live assignments 7–20,TIMED_VISUAL | SHAPE_LABELS | AUDIO_CUES,REDUCED_MOTION | NUMERIC_CHANNEL_EQUIVALENT | SHAPE_LABELS | AUDIO_DESCRIPTION,PUZCMP-ACCESSIBILITY-MODE-SWITCHER | PUZCMP-ANSWER-SUBMISSION | PUZCMP-AUDIO-TRANSPORT | PUZCMP-HINT-PANEL | PUZCMP-NON3D-EQUIVALENT | PUZCMP-POLYHEDRON-VIEWER | PUZCMP-SHAPE-LAYER | PUZCMP-TIMER-BANNER | PUZCMP-UNDO-RESET-HISTORY,"{""rating"":""SUPPORTED"",""shareable"":[""method"",""tool suggestions"",""partial deductions"",""research sources""],""nonShareable"":[""instance answer"",""validation token"",""server seed""]}",notes,NONE,1.0.0,COORDINATE,"Normalize only blueprint-declared syntax, then compare with the server-held canonical representation using constant-time equality or validate the submitted arrangement/route against the server-held instance constraints. Client receives only a resolution receipt.","Generate two independent derivations and property-test the carrier, controls, and answer; reject any instance with a second valid parse.",30–75 minutes,Bobalus points toward the visual color optical representation and suggests the first useful tool without naming an intermediate value.,"Bobalus identifies this operation: Identify complementary afterimage placements, align them to outlines, and order labels by exposure duration. He injects one instance-specific control label, never the final answer.",MEDIUM,FULL,86,STRONG_CANDIDATE,false,false,false,false
PZB-024,Moiré Line Phase,Two generated line screens reveal symbols only at specific translation and rotation phases.,VISUAL_COLOR_OPTICAL,SPATIAL_FOLDING_GEOMETRY,TIER_1_INITIATE,live assignments 1–10; tutorial-adjacent only,IMAGE_LAYERS | INTERACTIVE_TRANSFORM,NUMERIC_PHASE_TABLE | TACTILE_PRINTABLE_OVERLAY | KEYBOARD_TRANSFORM,PUZCMP-ACCESSIBILITY-MODE-SWITCHER | PUZCMP-ANSWER-SUBMISSION | PUZCMP-HINT-PANEL | PUZCMP-IMAGE-TRANSFORM | PUZCMP-NON3D-EQUIVALENT | PUZCMP-POLYHEDRON-VIEWER | PUZCMP-PRINTABLE-WORKSHEET | PUZCMP-TIMER-BANNER | PUZCMP-UNDO-RESET-HISTORY,"{""rating"":""SUPPORTED"",""shareable"":[""method"",""tool suggestions"",""partial deductions"",""research sources""],""nonShareable"":[""instance answer"",""validation token"",""server seed""]}",notes,NONE,1.0.0,OBJECT_ARRANGEMENT_SIGNATURE,"Normalize only blueprint-declared syntax, then compare with the server-held canonical representation using constant-time equality or validate the submitted arrangement/route against the server-held instance constraints. Client receives only a resolution receipt.","Generate two independent derivations and property-test the carrier, controls, and answer; reject any instance with a second valid parse.",10–30 minutes,Bobalus points toward the visual color optical representation and suggests the first useful tool without naming an intermediate value.,"Bobalus identifies this operation: Overlay the screens, calibrate phase using corner marks, and record symbols at the generated stops. He injects one instance-specific control label, never the final answer.",MEDIUM,FULL,86,STRONG_CANDIDATE,false,false,false,false
PZB-025,Negative-Space Glyph Census,A crowded illustrated census hides generated glyphs only in negative spaces shared by three object classes.,VISUAL_COLOR_OPTICAL,TEXT_LANGUAGE_LITERARY,TIER_2_ADEPT,live assignments 7–20,IMAGE | MASKS | TEXT_LABELS,STRUCTURED_REGION_TABLE | AUDIO_SPATIAL_DESCRIPTION | HIGH_CONTRAST,PUZCMP-ACCESSIBILITY-MODE-SWITCHER | PUZCMP-ANSWER-SUBMISSION | PUZCMP-HINT-PANEL | PUZCMP-IMAGE-TRANSFORM | PUZCMP-TIMER-BANNER | PUZCMP-UNDO-RESET-HISTORY,"{""rating"":""SUPPORTED"",""shareable"":[""method"",""tool suggestions"",""partial deductions"",""research sources""],""nonShareable"":[""instance answer"",""validation token"",""server seed""]}",notes,NONE,1.0.0,SIX_DIGIT_CODE,"Normalize only blueprint-declared syntax, then compare with the server-held canonical representation using constant-time equality or validate the submitted arrangement/route against the server-held instance constraints. Client receives only a resolution receipt.","Generate two independent derivations and property-test the carrier, controls, and answer; reject any instance with a second valid parse.",30–75 minutes,Bobalus points toward the visual color optical representation and suggests the first useful tool without naming an intermediate value.,"Bobalus identifies this operation: Mask each object class, intersect the empty regions, and order connected components by centroid. He injects one instance-specific control label, never the final answer.",MEDIUM,FULL,86,STRONG_CANDIDATE,false,false,false,false
PZB-026,Layered Opacity Map,Transparent map sheets at generated opacity ratios cancel noise and expose a route.,VISUAL_COLOR_OPTICAL,SPATIAL_FOLDING_GEOMETRY | CRYPTO_NUMERIC_DATA,TIER_3_EXPERT,live assignments 16–32,MAP_LAYERS | OPACITY_CONTROLS,EDGE_LIST_EQUIVALENT | KEYBOARD_CONTROLS | HIGH_CONTRAST,PUZCMP-ACCESSIBILITY-MODE-SWITCHER | PUZCMP-ANSWER-SUBMISSION | PUZCMP-GRID-VIEWPORT | PUZCMP-HINT-PANEL | PUZCMP-NON3D-EQUIVALENT | PUZCMP-POLYHEDRON-VIEWER | PUZCMP-TIMER-BANNER | PUZCMP-UNDO-RESET-HISTORY,"{""rating"":""SUPPORTED"",""shareable"":[""method"",""tool suggestions"",""partial deductions"",""research sources""],""nonShareable"":[""instance answer"",""validation token"",""server seed""]}",notes,NONE,1.0.0,ORDERED_ROUTE,"Normalize only blueprint-declared syntax, then compare with the server-held canonical representation using constant-time equality or validate the submitted arrangement/route against the server-held instance constraints. Client receives only a resolution receipt.",Blueprint-specific exhaustive/CSP/SAT-equivalent solver must return exactly one solution; proof digest is stored with the instance.,1–3 hours,Bobalus points toward the visual color optical representation and suggests the first useful tool without naming an intermediate value.,"Bobalus identifies this operation: Infer alpha weights from calibration patches, composite layers in depth order, and trace the remaining connected line. He injects one instance-specific control label, never the final answer.",MEDIUM,FULL,86,STRONG_CANDIDATE,false,false,false,false
PZB-027,Ambiguous Figure Segmentation,Reversible figures support several segmentations; adjacency clues force one segmentation and generated label order.,VISUAL_COLOR_OPTICAL,LOGIC_CONSTRAINT,TIER_2_ADEPT,live assignments 7–20,TEXT,TACTILE_REGION_MAP | STRUCTURED_ADJACENCY_TABLE | HIGH_CONTRAST,PUZCMP-ACCESSIBILITY-MODE-SWITCHER | PUZCMP-ANSWER-SUBMISSION | PUZCMP-HINT-PANEL | PUZCMP-TIMER-BANNER | PUZCMP-UNDO-RESET-HISTORY,"{""rating"":""SUPPORTED"",""shareable"":[""method"",""tool suggestions"",""partial deductions"",""research sources""],""nonShareable"":[""instance answer"",""validation token"",""server seed""]}",notes,NONE,1.0.0,ORDERED_SYMBOL_SEQUENCE,"Normalize only blueprint-declared syntax, then compare with the server-held canonical representation using constant-time equality or validate the submitted arrangement/route against the server-held instance constraints. Client receives only a resolution receipt.",Blueprint-specific exhaustive/CSP/SAT-equivalent solver must return exactly one solution; proof digest is stored with the instance.,30–75 minutes,Bobalus points toward the visual color optical representation and suggests the first useful tool without naming an intermediate value.,"Bobalus identifies this operation: Enumerate region interpretations, apply adjacency and area constraints, then read the unique region labels. He injects one instance-specific control label, never the final answer.",MEDIUM,FULL,90,STRONG_CANDIDATE,false,false,false,false
PZB-028,Lens Distortion Calibration,A warped grid contains multiple apparent messages. Calibration marks identify the radial distortion model that rectifies the player-specific code.,VISUAL_COLOR_OPTICAL,CRYPTO_NUMERIC_DATA,TIER_1_INITIATE,live assignments 1–10; tutorial-adjacent only,IMAGE | CALIBRATION_TABLE,PRECOMPUTED_KEYBOARD_CALIBRATION | COORDINATE_TABLE | AUDIO_DESCRIPTION,PUZCMP-ACCESSIBILITY-MODE-SWITCHER | PUZCMP-ANSWER-SUBMISSION | PUZCMP-HINT-PANEL | PUZCMP-IMAGE-TRANSFORM | PUZCMP-NON3D-EQUIVALENT | PUZCMP-POLYHEDRON-VIEWER | PUZCMP-TIMER-BANNER | PUZCMP-UNDO-RESET-HISTORY,"{""rating"":""SUPPORTED"",""shareable"":[""method"",""tool suggestions"",""partial deductions"",""research sources""],""nonShareable"":[""instance answer"",""validation token"",""server seed""]}",image editor | short script,NONE,1.0.0,SHORT_PHRASE,"Normalize only blueprint-declared syntax, then compare with the server-held canonical representation using constant-time equality or validate the submitted arrangement/route against the server-held instance constraints. Client receives only a resolution receipt.","Generate two independent derivations and property-test the carrier, controls, and answer; reject any instance with a second valid parse.",10–30 minutes,Bobalus points toward the visual color optical representation and suggests the first useful tool without naming an intermediate value.,"Bobalus identifies this operation: Fit the bounded distortion coefficients from control points, rectify the image, and read the central code strip. He injects one instance-specific control label, never the final answer.",MEDIUM,FULL,82,PROMISING_REQUIRES_PROTOTYPE,true,false,false,false
PZB-029,Polyhedral Witness Box,"A deterministic 320-face polyhedral puzzle box can rotate and unfold. Exactly one 16-face path shares color, orientation, and adjacency properties.",SPATIAL_FOLDING_GEOMETRY,VISUAL_COLOR_OPTICAL | LOGIC_CONSTRAINT,TIER_5_ORDEAL,live assignments 38–48 and authored finales,INTERACTIVE_3D | UNFOLDED_NET | ADJACENCY_TABLE,NON_3D_NET | ADJACENCY_TABLE | KEYBOARD_ROTATE | REDUCED_MOTION | SCREEN_READER_FACE_LIST,PUZCMP-ACCESSIBILITY-MODE-SWITCHER | PUZCMP-ANSWER-SUBMISSION | PUZCMP-COLLABORATION-PACKET | PUZCMP-HINT-PANEL | PUZCMP-NON3D-EQUIVALENT | PUZCMP-POLYHEDRON-VIEWER | PUZCMP-TIMER-BANNER | PUZCMP-UNDO-RESET-HISTORY,"{""rating"":""STRONG"",""divisibleTasks"":true,""shareable"":[""method"",""tool suggestions"",""partial deductions"",""research sources""],""nonShareable"":[""instance answer"",""validation token"",""server seed""]}",browser | optional paper net,NONE,1.0.0,SIXTEEN_CHARACTER_SEQUENCE,"Normalize only blueprint-declared syntax, then compare with the server-held canonical representation using constant-time equality or validate the submitted arrangement/route against the server-held instance constraints. Client receives only a resolution receipt.",Blueprint-specific exhaustive/CSP/SAT-equivalent solver must return exactly one solution; proof digest is stored with the instance.,6–20 hours across sessions,"The object has more than one correct way to unfold, but only one preserves all three marked properties.",Filter faces to gold and upright first; then test adjacency in the unfolded net until one 16-face continuous path remains.,VERY_HIGH,ADAPTIVE_LOD,96,HIGH_COMPLEXITY_SHOWPIECE,true,true,false,true
PZB-030,Net of Many Doors,"Several polygon nets appear foldable, but hinge labels and door-clearance constraints admit one solid and one ordered door sequence.",SPATIAL_FOLDING_GEOMETRY,LOGIC_CONSTRAINT,TIER_3_EXPERT,live assignments 16–32,2D_NET | OPTIONAL_3D_PREVIEW,TACTILE_PRINTABLE_NET | HINGE_TABLE | KEYBOARD_CONTROLS,PUZCMP-ACCESSIBILITY-MODE-SWITCHER | PUZCMP-ANSWER-SUBMISSION | PUZCMP-HINT-PANEL | PUZCMP-NON3D-EQUIVALENT | PUZCMP-POLYHEDRON-VIEWER | PUZCMP-PRINTABLE-WORKSHEET | PUZCMP-TIMER-BANNER | PUZCMP-UNDO-RESET-HISTORY,"{""rating"":""SUPPORTED"",""shareable"":[""method"",""tool suggestions"",""partial deductions"",""research sources""],""nonShareable"":[""instance answer"",""validation token"",""server seed""]}",notes,NONE,1.0.0,OBJECT_ARRANGEMENT_SIGNATURE,"Normalize only blueprint-declared syntax, then compare with the server-held canonical representation using constant-time equality or validate the submitted arrangement/route against the server-held instance constraints. Client receives only a resolution receipt.",Blueprint-specific exhaustive/CSP/SAT-equivalent solver must return exactly one solution; proof digest is stored with the instance.,1–3 hours,Bobalus points toward the spatial folding geometry representation and suggests the first useful tool without naming an intermediate value.,"Bobalus identifies this operation: Reject overlapping folds, enforce hinge parity, and read door labels in closure order. He injects one instance-specific control label, never the final answer.",MEDIUM,FULL,86,STRONG_CANDIDATE,false,false,false,false
PZB-031,Knot Projection Atlas,Generated knot diagrams from several projections must be matched using crossing invariants; selected crossings spell a code.,SPATIAL_FOLDING_GEOMETRY,VISUAL_COLOR_OPTICAL | HISTORICAL_RESEARCH,TIER_5_ORDEAL,live assignments 38–48 and authored finales,DIAGRAMS | MANIPULABLE_STRINGS,TACTILE_RAISED_LINES | CROSSING_TABLE | HIGH_CONTRAST,PUZCMP-ACCESSIBILITY-MODE-SWITCHER | PUZCMP-ANSWER-SUBMISSION | PUZCMP-COLLABORATION-PACKET | PUZCMP-HINT-PANEL | PUZCMP-NON3D-EQUIVALENT | PUZCMP-POLYHEDRON-VIEWER | PUZCMP-TIMER-BANNER | PUZCMP-UNDO-RESET-HISTORY,"{""rating"":""STRONG"",""divisibleTasks"":true,""shareable"":[""method"",""tool suggestions"",""partial deductions"",""research sources""],""nonShareable"":[""instance answer"",""validation token"",""server seed""]}",notes,OPTIONAL_KNOT_REFERENCE,1.0.0,SIX_DIGIT_CODE,"Normalize only blueprint-declared syntax, then compare with the server-held canonical representation using constant-time equality or validate the submitted arrangement/route against the server-held instance constraints. Client receives only a resolution receipt.","Generate two independent derivations and property-test the carrier, controls, and answer; reject any instance with a second valid parse.",6–20 hours across sessions,Bobalus points toward the spatial folding geometry representation and suggests the first useful tool without naming an intermediate value.,"Bobalus identifies this operation: Compute crossing signs and simple invariants, match equivalent knots, then read labels on unmatched crossings. He injects one instance-specific control label, never the final answer.",MEDIUM,FULL,84,HIGH_COMPLEXITY_SHOWPIECE,false,false,false,true
PZB-032,Möbius Label Walk,Labels on a strip seem duplicated until one half-twist changes orientation and reading direction.,SPATIAL_FOLDING_GEOMETRY,CRYPTO_NUMERIC_DATA,TIER_1_INITIATE,live assignments 1–10; tutorial-adjacent only,PAPER_STRIP | 3D_PREVIEW,TACTILE_STRIP | LINEAR_ORIENTATION_TABLE,PUZCMP-ACCESSIBILITY-MODE-SWITCHER | PUZCMP-ANSWER-SUBMISSION | PUZCMP-HINT-PANEL | PUZCMP-NON3D-EQUIVALENT | PUZCMP-POLYHEDRON-VIEWER | PUZCMP-TIMER-BANNER | PUZCMP-UNDO-RESET-HISTORY,"{""rating"":""SUPPORTED"",""shareable"":[""method"",""tool suggestions"",""partial deductions"",""research sources""],""nonShareable"":[""instance answer"",""validation token"",""server seed""]}",notes,NONE,1.0.0,EIGHT_CHARACTER_ALPHANUMERIC,"Normalize only blueprint-declared syntax, then compare with the server-held canonical representation using constant-time equality or validate the submitted arrangement/route against the server-held instance constraints. Client receives only a resolution receipt.","Generate two independent derivations and property-test the carrier, controls, and answer; reject any instance with a second valid parse.",10–30 minutes,Bobalus points toward the spatial folding geometry representation and suggests the first useful tool without naming an intermediate value.,"Bobalus identifies this operation: Apply the marked half-twist, traverse a single boundary, and select labels upright at generated checkpoints. He injects one instance-specific control label, never the final answer.",MEDIUM,FULL,86,STRONG_CANDIDATE,false,false,false,false
PZB-033,Voronoi Adjacency Cipher,Generated sites form a Voronoi diagram. Cell adjacency and area ranks define a path independent of exact rendering pixels.,SPATIAL_FOLDING_GEOMETRY,CRYPTO_NUMERIC_DATA | VISUAL_COLOR_OPTICAL,TIER_3_EXPERT,live assignments 16–32,MAP | ADJACENCY_TABLE,SCREEN_READER_DATA | KEYBOARD_ONLY | HIGH_CONTRAST | PRINTABLE_WORKSHEET,PUZCMP-ACCESSIBILITY-MODE-SWITCHER | PUZCMP-ANSWER-SUBMISSION | PUZCMP-GRID-VIEWPORT | PUZCMP-HINT-PANEL | PUZCMP-PRINTABLE-WORKSHEET | PUZCMP-TIMER-BANNER | PUZCMP-UNDO-RESET-HISTORY,"{""rating"":""SUPPORTED"",""shareable"":[""method"",""tool suggestions"",""partial deductions"",""research sources""],""nonShareable"":[""instance answer"",""validation token"",""server seed""]}",geometry tool | paper,NONE,1.0.0,ORDERED_SYMBOL_SEQUENCE,"Normalize only blueprint-declared syntax, then compare with the server-held canonical representation using constant-time equality or validate the submitted arrangement/route against the server-held instance constraints. Client receives only a resolution receipt.",Blueprint-specific exhaustive/CSP/SAT-equivalent solver must return exactly one solution; proof digest is stored with the instance.,1–3 hours,Bobalus points toward the spatial folding geometry representation and suggests the first useful tool without naming an intermediate value.,"Bobalus identifies this operation: Construct or inspect cells, follow the unique alternating degree rule, and translate site labels. He injects one instance-specific control label, never the final answer.",MEDIUM,FULL,86,STRONG_CANDIDATE,false,false,false,false
PZB-034,Shadow-Casting Blocks,Arrange generated blocks so shadows match three orthogonal silhouettes; the visible top faces form the answer.,SPATIAL_FOLDING_GEOMETRY,VISUAL_COLOR_OPTICAL | CONSTRUCTION_SIMULATION,TIER_5_ORDEAL,live assignments 38–48 and authored finales,3D_BLOCKS | THREE_SILHOUETTES,HEIGHT_MATRIX_EQUIVALENT | TACTILE_BLOCKS | KEYBOARD_ONLY,PUZCMP-ACCESSIBILITY-MODE-SWITCHER | PUZCMP-ANSWER-SUBMISSION | PUZCMP-COLLABORATION-PACKET | PUZCMP-HINT-PANEL | PUZCMP-NON3D-EQUIVALENT | PUZCMP-POLYHEDRON-VIEWER | PUZCMP-SHAPE-LAYER | PUZCMP-TIMER-BANNER | PUZCMP-UNDO-RESET-HISTORY,"{""rating"":""STRONG"",""divisibleTasks"":true,""shareable"":[""method"",""tool suggestions"",""partial deductions"",""research sources""],""nonShareable"":[""instance answer"",""validation token"",""server seed""]}",notes,NONE,1.0.0,SHORT_PHRASE,"Normalize only blueprint-declared syntax, then compare with the server-held canonical representation using constant-time equality or validate the submitted arrangement/route against the server-held instance constraints. Client receives only a resolution receipt.",Blueprint-specific exhaustive/CSP/SAT-equivalent solver must return exactly one solution; proof digest is stored with the instance.,6–20 hours across sessions,Bobalus points toward the spatial folding geometry representation and suggests the first useful tool without naming an intermediate value.,"Bobalus identifies this operation: Use silhouette constraints to determine block heights and rotations, then read exposed top labels. He injects one instance-specific control label, never the final answer.",MEDIUM,FULL,92,HIGH_COMPLEXITY_SHOWPIECE,false,false,false,true
PZB-035,Nonogram Topology Bridge,"A generated nonogram has multiple bitmap completions, but only one makes the marked terminals connected without holes.",SPATIAL_FOLDING_GEOMETRY,LOGIC_CONSTRAINT,TIER_2_ADEPT,live assignments 7–20,TEXT,SCREEN_READER_DATA | KEYBOARD_ONLY | HIGH_CONTRAST | PRINTABLE_WORKSHEET,PUZCMP-ACCESSIBILITY-MODE-SWITCHER | PUZCMP-ANSWER-SUBMISSION | PUZCMP-HINT-PANEL | PUZCMP-PRINTABLE-WORKSHEET | PUZCMP-TIMER-BANNER | PUZCMP-UNDO-RESET-HISTORY,"{""rating"":""SUPPORTED"",""shareable"":[""method"",""tool suggestions"",""partial deductions"",""research sources""],""nonShareable"":[""instance answer"",""validation token"",""server seed""]}",notes,NONE,1.0.0,COORDINATE,"Normalize only blueprint-declared syntax, then compare with the server-held canonical representation using constant-time equality or validate the submitted arrangement/route against the server-held instance constraints. Client receives only a resolution receipt.",Blueprint-specific exhaustive/CSP/SAT-equivalent solver must return exactly one solution; proof digest is stored with the instance.,30–75 minutes,Bobalus points toward the spatial folding geometry representation and suggests the first useful tool without naming an intermediate value.,"Bobalus identifies this operation: Solve row/column runs, then apply topology constraints to select the unique bridge and terminal labels. He injects one instance-specific control label, never the final answer.",MEDIUM,FULL,86,STRONG_CANDIDATE,false,false,false,false
PZB-036,Fold-and-Punch Constellation,A generated sequence of folds and punches creates a symmetric hole pattern; star labels visible through designated holes form the code.,SPATIAL_FOLDING_GEOMETRY,VISUAL_COLOR_OPTICAL,TIER_5_ORDEAL,live assignments 38–48 and authored finales,PAPER | INTERACTIVE_FOLD,COORDINATE_TRANSFORM_TABLE | TACTILE_TEMPLATE | KEYBOARD_FOLD,PUZCMP-ACCESSIBILITY-MODE-SWITCHER | PUZCMP-ANSWER-SUBMISSION | PUZCMP-COLLABORATION-PACKET | PUZCMP-HINT-PANEL | PUZCMP-NON3D-EQUIVALENT | PUZCMP-POLYHEDRON-VIEWER | PUZCMP-TIMER-BANNER | PUZCMP-UNDO-RESET-HISTORY,"{""rating"":""STRONG"",""divisibleTasks"":true,""shareable"":[""method"",""tool suggestions"",""partial deductions"",""research sources""],""nonShareable"":[""instance answer"",""validation token"",""server seed""]}",notes,NONE,1.0.0,OBJECT_ARRANGEMENT_SIGNATURE,"Normalize only blueprint-declared syntax, then compare with the server-held canonical representation using constant-time equality or validate the submitted arrangement/route against the server-held instance constraints. Client receives only a resolution receipt.",Blueprint-specific exhaustive/CSP/SAT-equivalent solver must return exactly one solution; proof digest is stored with the instance.,6–20 hours across sessions,Bobalus points toward the spatial folding geometry representation and suggests the first useful tool without naming an intermediate value.,"Bobalus identifies this operation: Execute folds in ordinal order, mirror punch coordinates through each fold, unfold, and read pierced labels. He injects one instance-specific control label, never the final answer.",MEDIUM,FULL,88,HIGH_COMPLEXITY_SHOWPIECE,false,false,false,true
PZB-037,Musical Hexadecimal Grid,A coherent melody uses note names A-F as hexadecimal digits; G is only a control marker. Six-note groups form colors in a 32×4 grid whose repeated structures reveal a generated code.,AUDIO_MUSIC_SPECTRAL,CRYPTO_NUMERIC_DATA | VISUAL_COLOR_OPTICAL,TIER_1_INITIATE,live assignments 1–10; tutorial-adjacent only,AUDIO | MUSIC_NOTATION | NOTE_EVENT_TABLE | COLOR_GRID,NOTATION | CAPTIONS | NOTE_EVENT_TABLE | COLOR_LABELS | TEXTURE_GRID,PUZCMP-ACCESSIBILITY-MODE-SWITCHER | PUZCMP-ANSWER-SUBMISSION | PUZCMP-AUDIO-TRANSPORT | PUZCMP-COLOR-CHANNEL-LAB | PUZCMP-GRID-VIEWPORT | PUZCMP-HINT-PANEL | PUZCMP-MUSIC-NOTATION-RAIL | PUZCMP-TILE-SIGNAL | PUZCMP-TIMER-BANNER | PUZCMP-UNDO-RESET-HISTORY,"{""rating"":""SUPPORTED"",""shareable"":[""method"",""tool suggestions"",""partial deductions"",""research sources""],""nonShareable"":[""instance answer"",""validation token"",""server seed""]}",music player | spreadsheet | image grid,NONE,1.0.0,SIX_CHARACTER_HEXADECIMAL,"Normalize only blueprint-declared syntax, then compare with the server-held canonical representation using constant-time equality or validate the submitted arrangement/route against the server-held instance constraints. Client receives only a resolution receipt.","Generate two independent derivations and property-test the carrier, controls, and answer; reject any instance with a second valid parse.",10–30 minutes,The sounds matter less as music than as written note names.,"Keep only note names A through F, group them six at a time, and render each group as a hexadecimal color in the stated grid.",MEDIUM,FULL,90,TUTORIAL_CANDIDATE,true,true,true,false
PZB-038,Rhythm Morse Counterpoint,"Two percussion lines encode dots, dashes, and separators by duration ratios while accents and pitch are camouflage.",AUDIO_MUSIC_SPECTRAL,CRYPTO_NUMERIC_DATA,TIER_2_ADEPT,live assignments 7–20,AUDIO | RHYTHM_NOTATION | HAPTIC_PULSES,RHYTHM_NOTATION | HAPTIC_PULSES | CAPTIONS,PUZCMP-ACCESSIBILITY-MODE-SWITCHER | PUZCMP-ANSWER-SUBMISSION | PUZCMP-AUDIO-TRANSPORT | PUZCMP-HINT-PANEL | PUZCMP-MUSIC-NOTATION-RAIL | PUZCMP-RHYTHM-HAPTIC-TRACK | PUZCMP-TIMER-BANNER | PUZCMP-UNDO-RESET-HISTORY,"{""rating"":""SUPPORTED"",""shareable"":[""method"",""tool suggestions"",""partial deductions"",""research sources""],""nonShareable"":[""instance answer"",""validation token"",""server seed""]}",notes,NONE,1.0.0,EIGHT_CHARACTER_ALPHANUMERIC,"Normalize only blueprint-declared syntax, then compare with the server-held canonical representation using constant-time equality or validate the submitted arrangement/route against the server-held instance constraints. Client receives only a resolution receipt.","Generate two independent derivations and property-test the carrier, controls, and answer; reject any instance with a second valid parse.",30–75 minutes,Bobalus points toward the audio music spectral representation and suggests the first useful tool without naming an intermediate value.,"Bobalus identifies this operation: Measure relative durations in each line, interleave by bar number, and decode the generated symbol stream. He injects one instance-specific control label, never the final answer.",MEDIUM,FULL,86,STRONG_CANDIDATE,false,false,false,false
PZB-039,Spectral Watermark Ladder,Broadband ambience contains generated frequency bands that form steps in a spectrogram; captions provide an equivalent frequency table.,AUDIO_MUSIC_SPECTRAL,VISUAL_COLOR_OPTICAL | CRYPTO_NUMERIC_DATA,TIER_5_ORDEAL,live assignments 38–48 and authored finales,AUDIO | SPECTROGRAM | FREQUENCY_TABLE,FREQUENCY_TABLE | HIGH_CONTRAST_SPECTROGRAM | CAPTIONS,PUZCMP-ACCESSIBILITY-MODE-SWITCHER | PUZCMP-ANSWER-SUBMISSION | PUZCMP-AUDIO-TRANSPORT | PUZCMP-HINT-PANEL | PUZCMP-IMAGE-TRANSFORM | PUZCMP-SPECTROGRAM | PUZCMP-TIMER-BANNER | PUZCMP-UNDO-RESET-HISTORY,"{""rating"":""SUPPORTED"",""shareable"":[""method"",""tool suggestions"",""partial deductions"",""research sources""],""nonShareable"":[""instance answer"",""validation token"",""server seed""]}",spectrogram tool,NONE,1.0.0,ORDERED_SYMBOL_SEQUENCE,"Normalize only blueprint-declared syntax, then compare with the server-held canonical representation using constant-time equality or validate the submitted arrangement/route against the server-held instance constraints. Client receives only a resolution receipt.","Generate two independent derivations and property-test the carrier, controls, and answer; reject any instance with a second valid parse.",6–20 hours across sessions,Bobalus points toward the audio music spectral representation and suggests the first useful tool without naming an intermediate value.,"Bobalus identifies this operation: Render or inspect the spectrum, quantize marked bands, and read step heights as symbols. He injects one instance-specific control label, never the final answer.",MEDIUM,FULL,86,HIGH_COMPLEXITY_SHOWPIECE,true,false,false,true
PZB-040,Chord-Inversion Route,"Chord labels and bass-note notation identify root, first, and second inversions that select branches on a route map.",AUDIO_MUSIC_SPECTRAL,SPATIAL_FOLDING_GEOMETRY,TIER_2_ADEPT,live assignments 7–20,AUDIO | NOTATION | ROUTE_MAP,CHORD_SYMBOLS | BASS_NOTE_TABLE | TACTILE_ROUTE,PUZCMP-ACCESSIBILITY-MODE-SWITCHER | PUZCMP-ANSWER-SUBMISSION | PUZCMP-AUDIO-TRANSPORT | PUZCMP-GRID-VIEWPORT | PUZCMP-HINT-PANEL | PUZCMP-MUSIC-NOTATION-RAIL | PUZCMP-TIMER-BANNER | PUZCMP-UNDO-RESET-HISTORY,"{""rating"":""SUPPORTED"",""shareable"":[""method"",""tool suggestions"",""partial deductions"",""research sources""],""nonShareable"":[""instance answer"",""validation token"",""server seed""]}",notes,NONE,1.0.0,ORDERED_ROUTE,"Normalize only blueprint-declared syntax, then compare with the server-held canonical representation using constant-time equality or validate the submitted arrangement/route against the server-held instance constraints. Client receives only a resolution receipt.","Generate two independent derivations and property-test the carrier, controls, and answer; reject any instance with a second valid parse.",30–75 minutes,Bobalus points toward the audio music spectral representation and suggests the first useful tool without naming an intermediate value.,"Bobalus identifies this operation: Use notated bass relationships—not perfect pitch—to classify inversions and traverse the generated ternary route. He injects one instance-specific control label, never the final answer.",MEDIUM,FULL,82,STRONG_CANDIDATE,false,false,false,false
PZB-041,Eightfold Lantern Maze,"A 60×60 dark grid is crossed in 120 notes. Whole, half, quarter, and eighth durations map to lantern settings 1, 2, 4, and 8; each setting reveals a tile class, while 3, 5, 6, and 7 are decoy layers.",AUDIO_MUSIC_SPECTRAL,SPATIAL_FOLDING_GEOMETRY | CROSS_MODAL | LOGIC_CONSTRAINT,TIER_5_ORDEAL,live assignments 38–48 and authored finales,AUDIO | RHYTHM_NOTATION | 60X60_GRID | EIGHT_LANTERN_LAYERS | HAPTIC_NEIGHBOR_MODE,RHYTHM_NOTATION | SPOKEN_EIGHT_NEIGHBOR_STATUS | HAPTIC_DIRECTION_STATUS | KEYBOARD_NAVIGATION | LOCAL_NEIGHBOR_TABLE | REDUCED_MOTION,PUZCMP-ACCESSIBILITY-MODE-SWITCHER | PUZCMP-ANSWER-SUBMISSION | PUZCMP-AUDIO-TRANSPORT | PUZCMP-COLLABORATION-PACKET | PUZCMP-DIRECTIONAL-AUDIO-HAPTIC | PUZCMP-EIGHT-NEIGHBOR-NAV | PUZCMP-GRID-VIEWPORT | PUZCMP-HINT-PANEL | PUZCMP-LANTERN-LAYER-CONTROL | PUZCMP-MUSIC-NOTATION-RAIL | PUZCMP-NON3D-EQUIVALENT | PUZCMP-POLYHEDRON-VIEWER | PUZCMP-RHYTHM-HAPTIC-TRACK | PUZCMP-TILE-SIGNAL | PUZCMP-TIMER-BANNER | PUZCMP-UNDO-RESET-HISTORY,"{""rating"":""STRONG"",""divisibleTasks"":true,""shareable"":[""method"",""tool suggestions"",""partial deductions"",""research sources""],""nonShareable"":[""instance answer"",""validation token"",""server seed""]}",music player | route notes | optional rhythm editor,NONE,1.0.0,ROUTE_SIGNATURE_16,"Normalize only blueprint-declared syntax, then compare with the server-held canonical representation using constant-time equality or validate the submitted arrangement/route against the server-held instance constraints. Client receives only a resolution receipt.",Blueprint-specific exhaustive/CSP/SAT-equivalent solver must return exactly one solution; proof digest is stored with the instance.,6–20 hours across sessions,Pitch is scenery; measure each note by how long it lasts. The lantern’s numbers are literal.,"Translate whole, half, quarter, and eighth notes to 1, 2, 4, and 8. For each note, choose that lantern setting and move to the only illuminated unvisited square among the eight neighbors.",VERY_HIGH,VIEWPORTED_GRID_WITH_LOCAL_NEIGHBOR_MODE,96,HIGH_COMPLEXITY_SHOWPIECE,true,true,false,true
PZB-042,Stereo Phase-Cancel Text,Left and right channels mostly cancel; swapping selected phase blocks reveals spoken phonemes and a parallel waveform label stream.,AUDIO_MUSIC_SPECTRAL,CRYPTO_NUMERIC_DATA | TEXT_LANGUAGE_LITERARY,TIER_5_ORDEAL,live assignments 38–48 and authored finales,STEREO_AUDIO | WAVEFORM | PHONEME_TRANSCRIPT,PHASE_BLOCK_TABLE | PHONEME_TRANSCRIPT | MONO_EQUIVALENT,PUZCMP-ACCESSIBILITY-MODE-SWITCHER | PUZCMP-ANSWER-SUBMISSION | PUZCMP-AUDIO-TRANSPORT | PUZCMP-HINT-PANEL | PUZCMP-TIMER-BANNER | PUZCMP-UNDO-RESET-HISTORY,"{""rating"":""SUPPORTED"",""shareable"":[""method"",""tool suggestions"",""partial deductions"",""research sources""],""nonShareable"":[""instance answer"",""validation token"",""server seed""]}",audio editor,NONE,1.0.0,OBJECT_ARRANGEMENT_SIGNATURE,"Normalize only blueprint-declared syntax, then compare with the server-held canonical representation using constant-time equality or validate the submitted arrangement/route against the server-held instance constraints. Client receives only a resolution receipt.","Generate two independent derivations and property-test the carrier, controls, and answer; reject any instance with a second valid parse.",6–20 hours across sessions,Bobalus points toward the audio music spectral representation and suggests the first useful tool without naming an intermediate value.,"Bobalus identifies this operation: Identify phase markers, invert the designated channel blocks, sum channels, and order recovered phoneme labels. He injects one instance-specific control label, never the final answer.",MEDIUM,FULL,86,HIGH_COMPLEXITY_SHOWPIECE,false,false,false,true
PZB-043,Percussion Polycycle,Three non-pitched rhythms repeat at coprime lengths. Coincidences at generated checkpoints select symbols.,AUDIO_MUSIC_SPECTRAL,LOGIC_CONSTRAINT,TIER_3_EXPERT,live assignments 16–32,PERCUSSION_AUDIO | RHYTHM_GRID,RHYTHM_GRID | HAPTIC_TRACKS | CAPTIONS,PUZCMP-ACCESSIBILITY-MODE-SWITCHER | PUZCMP-ANSWER-SUBMISSION | PUZCMP-AUDIO-TRANSPORT | PUZCMP-GRID-VIEWPORT | PUZCMP-HINT-PANEL | PUZCMP-MUSIC-NOTATION-RAIL | PUZCMP-RHYTHM-HAPTIC-TRACK | PUZCMP-TIMER-BANNER | PUZCMP-UNDO-RESET-HISTORY,"{""rating"":""SUPPORTED"",""shareable"":[""method"",""tool suggestions"",""partial deductions"",""research sources""],""nonShareable"":[""instance answer"",""validation token"",""server seed""]}",notes,NONE,1.0.0,SIX_DIGIT_CODE,"Normalize only blueprint-declared syntax, then compare with the server-held canonical representation using constant-time equality or validate the submitted arrangement/route against the server-held instance constraints. Client receives only a resolution receipt.",Blueprint-specific exhaustive/CSP/SAT-equivalent solver must return exactly one solution; proof digest is stored with the instance.,1–3 hours,Bobalus points toward the audio music spectral representation and suggests the first useful tool without naming an intermediate value.,"Bobalus identifies this operation: Represent hits as modular residue sets, intersect the cycles, and map coincidence ordinals. He injects one instance-specific control label, never the final answer.",MEDIUM,FULL,86,STRONG_CANDIDATE,false,false,false,false
PZB-044,Phoneme Formant Map,Synthetic vowel-like sounds plot as points on a labeled formant map. Regional pronunciations are excluded unless an authored corpus supplies them.,AUDIO_MUSIC_SPECTRAL,VISUAL_COLOR_OPTICAL | HISTORICAL_RESEARCH,TIER_4_MASTER,live assignments 27–43,AUDIO | FORMANT_TABLE | SCATTER_MAP,FORMANT_TABLE | CAPTIONS | TACTILE_SCATTER,PUZCMP-ACCESSIBILITY-MODE-SWITCHER | PUZCMP-ANSWER-SUBMISSION | PUZCMP-AUDIO-TRANSPORT | PUZCMP-GRID-VIEWPORT | PUZCMP-HINT-PANEL | PUZCMP-TIMER-BANNER | PUZCMP-UNDO-RESET-HISTORY,"{""rating"":""SUPPORTED"",""shareable"":[""method"",""tool suggestions"",""partial deductions"",""research sources""],""nonShareable"":[""instance answer"",""validation token"",""server seed""]}",notes,OPTIONAL_PHONETICS_REFERENCE,1.0.0,ORDERED_ROUTE,"Normalize only blueprint-declared syntax, then compare with the server-held canonical representation using constant-time equality or validate the submitted arrangement/route against the server-held instance constraints. Client receives only a resolution receipt.","Generate two independent derivations and property-test the carrier, controls, and answer; reject any instance with a second valid parse.",3–8 hours,Bobalus points toward the audio music spectral representation and suggests the first useful tool without naming an intermediate value.,"Bobalus identifies this operation: Use supplied F1/F2 measurements rather than hearing labels, match points to regions, and read route letters. He injects one instance-specific control label, never the final answer.",MEDIUM,FULL,82,STRONG_CANDIDATE,false,false,false,false
PZB-045,Constraint-Shifting Logic Grid,A traditional who/where/when/object/route mystery has generated relation structure and clue order—not merely substituted names. A formal solver certifies one solution.,LOGIC_CONSTRAINT,TEXT_LANGUAGE_LITERARY,TIER_4_MASTER,live assignments 27–43,LOGIC_GRID | CLUE_CARDS,SCREEN_READER_DATA | KEYBOARD_ONLY | HIGH_CONTRAST | PRINTABLE_WORKSHEET,PUZCMP-ACCESSIBILITY-MODE-SWITCHER | PUZCMP-ANSWER-SUBMISSION | PUZCMP-COLLABORATION-PACKET | PUZCMP-GRID-VIEWPORT | PUZCMP-HINT-PANEL | PUZCMP-LOGIC-GRID | PUZCMP-PRINTABLE-WORKSHEET | PUZCMP-TIMER-BANNER | PUZCMP-UNDO-RESET-HISTORY,"{""rating"":""STRONG"",""divisibleTasks"":true,""shareable"":[""method"",""tool suggestions"",""partial deductions"",""research sources""],""nonShareable"":[""instance answer"",""validation token"",""server seed""]}",grid worksheet | optional solver,NONE,1.0.0,ORDERED_SYMBOL_SEQUENCE,"Normalize only blueprint-declared syntax, then compare with the server-held canonical representation using constant-time equality or validate the submitted arrangement/route against the server-held instance constraints. Client receives only a resolution receipt.",Blueprint-specific exhaustive/CSP/SAT-equivalent solver must return exactly one solution; proof digest is stored with the instance.,3–8 hours,Bobalus points toward the logic constraint representation and suggests the first useful tool without naming an intermediate value.,"Bobalus identifies this operation: Translate clues into equality, inequality, adjacency, order, and exclusive-or constraints; solve the unique assignment. He injects one instance-specific control label, never the final answer.",MEDIUM,FULL,92,STRONG_CANDIDATE,true,true,false,false
PZB-046,Scheduling Contradiction,A timetable appears overconstrained. One record uses a different clock convention; correcting it produces a unique schedule and code.,LOGIC_CONSTRAINT,CRYPTO_NUMERIC_DATA,TIER_4_MASTER,live assignments 27–43,TEXT,SCREEN_READER_DATA | KEYBOARD_ONLY | HIGH_CONTRAST | PRINTABLE_WORKSHEET,PUZCMP-ACCESSIBILITY-MODE-SWITCHER | PUZCMP-ANSWER-SUBMISSION | PUZCMP-COLLABORATION-PACKET | PUZCMP-HINT-PANEL | PUZCMP-PRINTABLE-WORKSHEET | PUZCMP-TIMER-BANNER | PUZCMP-UNDO-RESET-HISTORY,"{""rating"":""STRONG"",""divisibleTasks"":true,""shareable"":[""method"",""tool suggestions"",""partial deductions"",""research sources""],""nonShareable"":[""instance answer"",""validation token"",""server seed""]}",calendar grid | optional solver,NONE,1.0.0,SHORT_PHRASE,"Normalize only blueprint-declared syntax, then compare with the server-held canonical representation using constant-time equality or validate the submitted arrangement/route against the server-held instance constraints. Client receives only a resolution receipt.",Blueprint-specific exhaustive/CSP/SAT-equivalent solver must return exactly one solution; proof digest is stored with the instance.,3–8 hours,Bobalus points toward the logic constraint representation and suggests the first useful tool without naming an intermediate value.,"Bobalus identifies this operation: Model intervals, detect the minimal unsatisfied core, transform the marked clock, then solve the schedule. He injects one instance-specific control label, never the final answer.",MEDIUM,FULL,88,STRONG_CANDIDATE,false,false,false,false
PZB-047,Truth-Teller Network,"Generated speakers make statements about one another, with a bounded count of liars and conditional truths.",LOGIC_CONSTRAINT,TEXT_LANGUAGE_LITERARY,TIER_2_ADEPT,live assignments 7–20,TEXT,SCREEN_READER_DATA | KEYBOARD_ONLY | HIGH_CONTRAST | PRINTABLE_WORKSHEET,PUZCMP-ACCESSIBILITY-MODE-SWITCHER | PUZCMP-ANSWER-SUBMISSION | PUZCMP-HINT-PANEL | PUZCMP-PRINTABLE-WORKSHEET | PUZCMP-TIMER-BANNER | PUZCMP-UNDO-RESET-HISTORY,"{""rating"":""SUPPORTED"",""shareable"":[""method"",""tool suggestions"",""partial deductions"",""research sources""],""nonShareable"":[""instance answer"",""validation token"",""server seed""]}",notes,NONE,1.0.0,COORDINATE,"Normalize only blueprint-declared syntax, then compare with the server-held canonical representation using constant-time equality or validate the submitted arrangement/route against the server-held instance constraints. Client receives only a resolution receipt.",Blueprint-specific exhaustive/CSP/SAT-equivalent solver must return exactly one solution; proof digest is stored with the instance.,30–75 minutes,Bobalus points toward the logic constraint representation and suggests the first useful tool without naming an intermediate value.,"Bobalus identifies this operation: Convert statements to Boolean constraints, solve all assignments, and read labels on uniquely determined speakers. He injects one instance-specific control label, never the final answer.",MEDIUM,FULL,86,STRONG_CANDIDATE,false,false,false,false
PZB-048,River-Crossing Ledger,"Cargo, passengers, and ferry states obey generated incompatibilities. The shortest valid crossing sequence encodes directions.",LOGIC_CONSTRAINT,SPATIAL_FOLDING_GEOMETRY,TIER_3_EXPERT,live assignments 16–32,STATE_CARDS | RIVER_MAP,SCREEN_READER_DATA | KEYBOARD_ONLY | HIGH_CONTRAST | PRINTABLE_WORKSHEET,PUZCMP-ACCESSIBILITY-MODE-SWITCHER | PUZCMP-ANSWER-SUBMISSION | PUZCMP-GRID-VIEWPORT | PUZCMP-HINT-PANEL | PUZCMP-PRINTABLE-WORKSHEET | PUZCMP-TIMER-BANNER | PUZCMP-UNDO-RESET-HISTORY,"{""rating"":""SUPPORTED"",""shareable"":[""method"",""tool suggestions"",""partial deductions"",""research sources""],""nonShareable"":[""instance answer"",""validation token"",""server seed""]}",notes,NONE,1.0.0,OBJECT_ARRANGEMENT_SIGNATURE,"Normalize only blueprint-declared syntax, then compare with the server-held canonical representation using constant-time equality or validate the submitted arrangement/route against the server-held instance constraints. Client receives only a resolution receipt.",Blueprint-specific exhaustive/CSP/SAT-equivalent solver must return exactly one solution; proof digest is stored with the instance.,1–3 hours,Bobalus points toward the logic constraint representation and suggests the first useful tool without naming an intermediate value.,"Bobalus identifies this operation: Search the state graph under capacity and incompatibility constraints, prove the shortest solution is unique, and translate moves. He injects one instance-specific control label, never the final answer.",MEDIUM,FULL,86,STRONG_CANDIDATE,false,false,false,false
PZB-049,Seating Constraint Spiral,Guests occupy a spiral table with asymmetric facing and distance rules; generated cultural labels are fictional unless reviewed.,LOGIC_CONSTRAINT,SPATIAL_FOLDING_GEOMETRY,TIER_3_EXPERT,live assignments 16–32,SEAT_MAP | CLUES,SCREEN_READER_DATA | KEYBOARD_ONLY | HIGH_CONTRAST | PRINTABLE_WORKSHEET,PUZCMP-ACCESSIBILITY-MODE-SWITCHER | PUZCMP-ANSWER-SUBMISSION | PUZCMP-GRID-VIEWPORT | PUZCMP-HINT-PANEL | PUZCMP-PRINTABLE-WORKSHEET | PUZCMP-TIMER-BANNER | PUZCMP-UNDO-RESET-HISTORY,"{""rating"":""SUPPORTED"",""shareable"":[""method"",""tool suggestions"",""partial deductions"",""research sources""],""nonShareable"":[""instance answer"",""validation token"",""server seed""]}",notes,NONE,1.0.0,SIX_DIGIT_CODE,"Normalize only blueprint-declared syntax, then compare with the server-held canonical representation using constant-time equality or validate the submitted arrangement/route against the server-held instance constraints. Client receives only a resolution receipt.",Blueprint-specific exhaustive/CSP/SAT-equivalent solver must return exactly one solution; proof digest is stored with the instance.,1–3 hours,Bobalus points toward the logic constraint representation and suggests the first useful tool without naming an intermediate value.,"Bobalus identifies this operation: Normalize facing directions, apply adjacency/distance constraints, and read seats at prime indices. He injects one instance-specific control label, never the final answer.",MEDIUM,FULL,86,STRONG_CANDIDATE,false,false,false,false
PZB-050,Mastermind Testimony,"Witness statements report correct symbols and positions, but exactly one statement uses inclusive counting.",LOGIC_CONSTRAINT,CRYPTO_NUMERIC_DATA,TIER_2_ADEPT,live assignments 7–20,TEXT,SCREEN_READER_DATA | KEYBOARD_ONLY | HIGH_CONTRAST | PRINTABLE_WORKSHEET,PUZCMP-ACCESSIBILITY-MODE-SWITCHER | PUZCMP-ANSWER-SUBMISSION | PUZCMP-HINT-PANEL | PUZCMP-PRINTABLE-WORKSHEET | PUZCMP-TIMER-BANNER | PUZCMP-UNDO-RESET-HISTORY,"{""rating"":""SUPPORTED"",""shareable"":[""method"",""tool suggestions"",""partial deductions"",""research sources""],""nonShareable"":[""instance answer"",""validation token"",""server seed""]}",notes,NONE,1.0.0,EIGHT_CHARACTER_ALPHANUMERIC,"Normalize only blueprint-declared syntax, then compare with the server-held canonical representation using constant-time equality or validate the submitted arrangement/route against the server-held instance constraints. Client receives only a resolution receipt.",Blueprint-specific exhaustive/CSP/SAT-equivalent solver must return exactly one solution; proof digest is stored with the instance.,30–75 minutes,Bobalus points toward the logic constraint representation and suggests the first useful tool without naming an intermediate value.,"Bobalus identifies this operation: Enumerate candidate codes, test each counting interpretation, and retain the unique code satisfying all rows. He injects one instance-specific control label, never the final answer.",MEDIUM,FULL,86,STRONG_CANDIDATE,false,false,false,false
PZB-051,Exact-Cover Mosaic,Generated polyominoes cover a board in many apparent ways; symbol-edge constraints leave one exact cover.,LOGIC_CONSTRAINT,VISUAL_COLOR_OPTICAL | SPATIAL_FOLDING_GEOMETRY,TIER_5_ORDEAL,live assignments 38–48 and authored finales,MOSAIC | PIECE_TABLE,TACTILE_PIECES | TEXT_EDGE_TABLE | HIGH_CONTRAST,PUZCMP-ACCESSIBILITY-MODE-SWITCHER | PUZCMP-ANSWER-SUBMISSION | PUZCMP-COLLABORATION-PACKET | PUZCMP-HINT-PANEL | PUZCMP-NON3D-EQUIVALENT | PUZCMP-POLYHEDRON-VIEWER | PUZCMP-TIMER-BANNER | PUZCMP-UNDO-RESET-HISTORY,"{""rating"":""STRONG"",""divisibleTasks"":true,""shareable"":[""method"",""tool suggestions"",""partial deductions"",""research sources""],""nonShareable"":[""instance answer"",""validation token"",""server seed""]}",notes,NONE,1.0.0,ORDERED_SYMBOL_SEQUENCE,"Normalize only blueprint-declared syntax, then compare with the server-held canonical representation using constant-time equality or validate the submitted arrangement/route against the server-held instance constraints. Client receives only a resolution receipt.",Blueprint-specific exhaustive/CSP/SAT-equivalent solver must return exactly one solution; proof digest is stored with the instance.,6–20 hours across sessions,Bobalus points toward the logic constraint representation and suggests the first useful tool without naming an intermediate value.,"Bobalus identifies this operation: Build the exact-cover matrix, solve the unique tiling, and read boundary symbols. He injects one instance-specific control label, never the final answer.",MEDIUM,FULL,88,HIGH_COMPLEXITY_SHOWPIECE,true,false,false,true
PZB-052,Boolean Door Circuit,Doors are logic gates with generated truth labels. One input sequence opens a route while satisfying safety interlocks.,LOGIC_CONSTRAINT,CONSTRUCTION_SIMULATION | CRYPTO_NUMERIC_DATA,TIER_3_EXPERT,live assignments 16–32,CIRCUIT | TRUTH_TABLE,SCREEN_READER_DATA | KEYBOARD_ONLY | HIGH_CONTRAST | PRINTABLE_WORKSHEET,PUZCMP-ACCESSIBILITY-MODE-SWITCHER | PUZCMP-ANSWER-SUBMISSION | PUZCMP-DRAG-CONNECTOR-BOARD | PUZCMP-HINT-PANEL | PUZCMP-MECHANISM-SIM | PUZCMP-PRINTABLE-WORKSHEET | PUZCMP-TIMER-BANNER | PUZCMP-UNDO-RESET-HISTORY,"{""rating"":""SUPPORTED"",""shareable"":[""method"",""tool suggestions"",""partial deductions"",""research sources""],""nonShareable"":[""instance answer"",""validation token"",""server seed""]}",notes,NONE,1.0.0,SHORT_PHRASE,"Normalize only blueprint-declared syntax, then compare with the server-held canonical representation using constant-time equality or validate the submitted arrangement/route against the server-held instance constraints. Client receives only a resolution receipt.",Blueprint-specific exhaustive/CSP/SAT-equivalent solver must return exactly one solution; proof digest is stored with the instance.,1–3 hours,Bobalus points toward the logic constraint representation and suggests the first useful tool without naming an intermediate value.,"Bobalus identifies this operation: Derive gate functions from test pulses, solve the Boolean network, and submit the input vector. He injects one instance-specific control label, never the final answer.",MEDIUM,FULL,86,STRONG_CANDIDATE,false,false,false,false
PZB-053,Twenty-Digit Year Sequence,Five researched clues each have multiple plausible four-digit years because names repeat or dates are commonly conflated. Cross-clues select a unique 20-digit sequence.,HISTORICAL_RESEARCH,TEXT_LANGUAGE_LITERARY | LOGIC_CONSTRAINT,TIER_5_ORDEAL,live assignments 38–48 and authored finales,POEM | SOURCE_DOSSIERS | TIMELINE,SCREEN_READER_DATA | KEYBOARD_ONLY | HIGH_CONTRAST | PRINTABLE_WORKSHEET,PUZCMP-ACCESSIBILITY-MODE-SWITCHER | PUZCMP-ANSWER-SUBMISSION | PUZCMP-COLLABORATION-PACKET | PUZCMP-HINT-PANEL | PUZCMP-PRINTABLE-WORKSHEET | PUZCMP-TIMELINE-RESEARCH | PUZCMP-TIMER-BANNER | PUZCMP-UNDO-RESET-HISTORY,"{""rating"":""STRONG"",""divisibleTasks"":true,""shareable"":[""method"",""tool suggestions"",""partial deductions"",""research sources""],""nonShareable"":[""instance answer"",""validation token"",""server seed""]}",library/search | notes,REQUIRED_DOCUMENTED_CORPUS,1.0.0,TWENTY_DIGIT_YEAR_SEQUENCE,"Normalize only blueprint-declared syntax, then compare with the server-held canonical representation using constant-time equality or validate the submitted arrangement/route against the server-held instance constraints. Client receives only a resolution receipt.",Blueprint-specific exhaustive/CSP/SAT-equivalent solver must return exactly one solution; proof digest is stored with the instance.,6–20 hours across sessions,Bobalus points toward the historical research representation and suggests the first useful tool without naming an intermediate value.,"Bobalus identifies this operation: Build candidate-year sets from the approved corpus, apply poem constraints and chronology, then concatenate the five surviving years. He injects one instance-specific control label, never the final answer.",MEDIUM,FULL,92,REQUIRES_SOURCE_REVIEW,true,true,false,false
PZB-054,Repeated Treaty Dossier,"Several treaties share a city name or common shorthand. Signatory, subject, and ratification clues distinguish the generated records.",HISTORICAL_RESEARCH,TEXT_LANGUAGE_LITERARY | LOGIC_CONSTRAINT,TIER_4_MASTER,live assignments 27–43,TEXT,SCREEN_READER_DATA | KEYBOARD_ONLY | HIGH_CONTRAST | PRINTABLE_WORKSHEET,PUZCMP-ACCESSIBILITY-MODE-SWITCHER | PUZCMP-ANSWER-SUBMISSION | PUZCMP-COLLABORATION-PACKET | PUZCMP-HINT-PANEL | PUZCMP-PRINTABLE-WORKSHEET | PUZCMP-TIMELINE-RESEARCH | PUZCMP-TIMER-BANNER | PUZCMP-UNDO-RESET-HISTORY,"{""rating"":""STRONG"",""divisibleTasks"":true,""shareable"":[""method"",""tool suggestions"",""partial deductions"",""research sources""],""nonShareable"":[""instance answer"",""validation token"",""server seed""]}",notes,REQUIRED_DOCUMENTED_CORPUS,1.0.0,OBJECT_ARRANGEMENT_SIGNATURE,"Normalize only blueprint-declared syntax, then compare with the server-held canonical representation using constant-time equality or validate the submitted arrangement/route against the server-held instance constraints. Client receives only a resolution receipt.",Blueprint-specific exhaustive/CSP/SAT-equivalent solver must return exactly one solution; proof digest is stored with the instance.,3–8 hours,Bobalus points toward the historical research representation and suggests the first useful tool without naming an intermediate value.,"Bobalus identifies this operation: Research only the approved institutional corpus, match dossier facts to treaties, then order signing years by seal geometry. He injects one instance-specific control label, never the final answer.",MEDIUM,FULL,88,REQUIRES_SOURCE_REVIEW,false,false,false,false
PZB-055,Namesake Archive Chain,"Repeated surnames and titles across archival authority records form a chain only when occupations, dates, and collection provenance agree.",HISTORICAL_RESEARCH,TEXT_LANGUAGE_LITERARY | CRYPTO_NUMERIC_DATA,TIER_4_MASTER,live assignments 27–43,TEXT,SCREEN_READER_DATA | KEYBOARD_ONLY | HIGH_CONTRAST | PRINTABLE_WORKSHEET,PUZCMP-ACCESSIBILITY-MODE-SWITCHER | PUZCMP-ANSWER-SUBMISSION | PUZCMP-HINT-PANEL | PUZCMP-PRINTABLE-WORKSHEET | PUZCMP-TIMELINE-RESEARCH | PUZCMP-TIMER-BANNER | PUZCMP-UNDO-RESET-HISTORY,"{""rating"":""SUPPORTED"",""shareable"":[""method"",""tool suggestions"",""partial deductions"",""research sources""],""nonShareable"":[""instance answer"",""validation token"",""server seed""]}",notes,REQUIRED_DOCUMENTED_CORPUS,1.0.0,SIX_DIGIT_CODE,"Normalize only blueprint-declared syntax, then compare with the server-held canonical representation using constant-time equality or validate the submitted arrangement/route against the server-held instance constraints. Client receives only a resolution receipt.","Generate two independent derivations and property-test the carrier, controls, and answer; reject any instance with a second valid parse.",3–8 hours,Bobalus points toward the historical research representation and suggests the first useful tool without naming an intermediate value.,"Bobalus identifies this operation: Resolve identities in the approved authority corpus, follow collection references, and read generated call-number segments. He injects one instance-specific control label, never the final answer.",MEDIUM,FULL,82,REQUIRES_SOURCE_REVIEW,false,false,false,false
PZB-056,Calendar Reform Dispatches,Dispatches dated under different calendar reforms appear out of order. Local adoption evidence restores chronology.,HISTORICAL_RESEARCH,CRYPTO_NUMERIC_DATA | LOGIC_CONSTRAINT,TIER_4_MASTER,live assignments 27–43,TEXT,SCREEN_READER_DATA | KEYBOARD_ONLY | HIGH_CONTRAST | PRINTABLE_WORKSHEET,PUZCMP-ACCESSIBILITY-MODE-SWITCHER | PUZCMP-ANSWER-SUBMISSION | PUZCMP-HINT-PANEL | PUZCMP-PRINTABLE-WORKSHEET | PUZCMP-TIMELINE-RESEARCH | PUZCMP-TIMER-BANNER | PUZCMP-UNDO-RESET-HISTORY,"{""rating"":""SUPPORTED"",""shareable"":[""method"",""tool suggestions"",""partial deductions"",""research sources""],""nonShareable"":[""instance answer"",""validation token"",""server seed""]}",notes,REQUIRED_DOCUMENTED_CORPUS,1.0.0,EIGHT_CHARACTER_ALPHANUMERIC,"Normalize only blueprint-declared syntax, then compare with the server-held canonical representation using constant-time equality or validate the submitted arrangement/route against the server-held instance constraints. Client receives only a resolution receipt.",Blueprint-specific exhaustive/CSP/SAT-equivalent solver must return exactly one solution; proof digest is stored with the instance.,3–8 hours,Bobalus points toward the historical research representation and suggests the first useful tool without naming an intermediate value.,"Bobalus identifies this operation: Identify calendar regime from location and record cues, convert within the approved date range, and order dispatch seals. He injects one instance-specific control label, never the final answer.",MEDIUM,FULL,86,REQUIRES_SOURCE_REVIEW,false,false,false,false
PZB-057,Multilingual Inscription Provenance,"Transliterated inscriptions share borrowed terms but differ by period and medium. Script form, object metadata, and source notes identify a unique order.",HISTORICAL_RESEARCH,TEXT_LANGUAGE_LITERARY | VISUAL_COLOR_OPTICAL,TIER_4_MASTER,live assignments 27–43,INSCRIPTION_IMAGES | TRANSLITERATIONS | CATALOG_RECORDS,SCREEN_READER_DATA | KEYBOARD_ONLY | HIGH_CONTRAST | PRINTABLE_WORKSHEET,PUZCMP-ACCESSIBILITY-MODE-SWITCHER | PUZCMP-ANSWER-SUBMISSION | PUZCMP-COLLABORATION-PACKET | PUZCMP-HINT-PANEL | PUZCMP-IMAGE-TRANSFORM | PUZCMP-PRINTABLE-WORKSHEET | PUZCMP-TIMELINE-RESEARCH | PUZCMP-TIMER-BANNER | PUZCMP-UNDO-RESET-HISTORY,"{""rating"":""STRONG"",""divisibleTasks"":true,""shareable"":[""method"",""tool suggestions"",""partial deductions"",""research sources""],""nonShareable"":[""instance answer"",""validation token"",""server seed""]}",notes,REQUIRED_DOCUMENTED_CORPUS,1.0.0,ORDERED_SYMBOL_SEQUENCE,"Normalize only blueprint-declared syntax, then compare with the server-held canonical representation using constant-time equality or validate the submitted arrangement/route against the server-held instance constraints. Client receives only a resolution receipt.","Generate two independent derivations and property-test the carrier, controls, and answer; reject any instance with a second valid parse.",3–8 hours,Bobalus points toward the historical research representation and suggests the first useful tool without naming an intermediate value.,"Bobalus identifies this operation: Use supplied scholarly transliterations and catalog metadata, never machine translation alone, then order artifact labels by provenance. He injects one instance-specific control label, never the final answer.",MEDIUM,FULL,84,REQUIRES_SOURCE_REVIEW,false,false,false,false
PZB-058,Historical Map Edition Trail,"Near-identical historical map editions differ in cartouche, scale, and corrected place names. Generated edition choices trace a coordinate code.",HISTORICAL_RESEARCH,VISUAL_COLOR_OPTICAL | CRYPTO_NUMERIC_DATA,TIER_5_ORDEAL,live assignments 38–48 and authored finales,MAPS | CATALOG_METADATA | COORDINATE_GRID,SCREEN_READER_DATA | KEYBOARD_ONLY | HIGH_CONTRAST | PRINTABLE_WORKSHEET,PUZCMP-ACCESSIBILITY-MODE-SWITCHER | PUZCMP-ANSWER-SUBMISSION | PUZCMP-GRID-VIEWPORT | PUZCMP-HINT-PANEL | PUZCMP-NON3D-EQUIVALENT | PUZCMP-POLYHEDRON-VIEWER | PUZCMP-PRINTABLE-WORKSHEET | PUZCMP-TIMELINE-RESEARCH | PUZCMP-TIMER-BANNER | PUZCMP-UNDO-RESET-HISTORY,"{""rating"":""SUPPORTED"",""shareable"":[""method"",""tool suggestions"",""partial deductions"",""research sources""],""nonShareable"":[""instance answer"",""validation token"",""server seed""]}",notes,REQUIRED_DOCUMENTED_CORPUS,1.0.0,ORDERED_ROUTE,"Normalize only blueprint-declared syntax, then compare with the server-held canonical representation using constant-time equality or validate the submitted arrangement/route against the server-held instance constraints. Client receives only a resolution receipt.","Generate two independent derivations and property-test the carrier, controls, and answer; reject any instance with a second valid parse.",6–20 hours across sessions,Bobalus points toward the historical research representation and suggests the first useful tool without naming an intermediate value.,"Bobalus identifies this operation: Verify edition provenance, identify changed features, and apply their coordinates to the instance grid. He injects one instance-specific control label, never the final answer.",MEDIUM,FULL,82,REQUIRES_SOURCE_REVIEW,true,false,false,true
PZB-059,Chain-Reaction Mechanism,"Players connect ramps, triggers, counterweights, and gates. Several assemblies look plausible, but only one satisfies energy, timing, and reset constraints.",CONSTRUCTION_SIMULATION,LOGIC_CONSTRAINT | SPATIAL_FOLDING_GEOMETRY,TIER_4_MASTER,live assignments 27–43,DRAG_ASSEMBLY | RULE_TABLE | TIMELINE,KEYBOARD_ASSEMBLY | TEXT_CONNECTION_LIST | REDUCED_MOTION | TACTILE_PRINTABLE_PIECES,PUZCMP-ACCESSIBILITY-MODE-SWITCHER | PUZCMP-ANSWER-SUBMISSION | PUZCMP-COLLABORATION-PACKET | PUZCMP-DRAG-CONNECTOR-BOARD | PUZCMP-HINT-PANEL | PUZCMP-MECHANISM-SIM | PUZCMP-NON3D-EQUIVALENT | PUZCMP-POLYHEDRON-VIEWER | PUZCMP-PRINTABLE-WORKSHEET | PUZCMP-TIMER-BANNER | PUZCMP-UNDO-RESET-HISTORY,"{""rating"":""STRONG"",""divisibleTasks"":true,""shareable"":[""method"",""tool suggestions"",""partial deductions"",""research sources""],""nonShareable"":[""instance answer"",""validation token"",""server seed""]}",notes,NONE,1.0.0,COORDINATE,"Normalize only blueprint-declared syntax, then compare with the server-held canonical representation using constant-time equality or validate the submitted arrangement/route against the server-held instance constraints. Client receives only a resolution receipt.",Blueprint-specific exhaustive/CSP/SAT-equivalent solver must return exactly one solution; proof digest is stored with the instance.,3–8 hours,Bobalus points toward the construction simulation representation and suggests the first useful tool without naming an intermediate value.,"Bobalus identifies this operation: Use component transfer rules to construct a causal chain, simulate discrete ticks, and read the triggered gate signature. He injects one instance-specific control label, never the final answer.",HIGH,FULL,96,STRONG_CANDIDATE,true,true,false,false
PZB-060,Pipe Pressure Assembly,"Valves and pipes can connect many ways, but flow, pressure drop, and contamination constraints admit one functional network.",CONSTRUCTION_SIMULATION,LOGIC_CONSTRAINT | CRYPTO_NUMERIC_DATA,TIER_3_EXPERT,live assignments 16–32,PIPE_BOARD | FLOW_TABLE,SCREEN_READER_DATA | KEYBOARD_ONLY | HIGH_CONTRAST | PRINTABLE_WORKSHEET,PUZCMP-ACCESSIBILITY-MODE-SWITCHER | PUZCMP-ANSWER-SUBMISSION | PUZCMP-DRAG-CONNECTOR-BOARD | PUZCMP-GRID-VIEWPORT | PUZCMP-HINT-PANEL | PUZCMP-MECHANISM-SIM | PUZCMP-PRINTABLE-WORKSHEET | PUZCMP-TIMER-BANNER | PUZCMP-UNDO-RESET-HISTORY,"{""rating"":""SUPPORTED"",""shareable"":[""method"",""tool suggestions"",""partial deductions"",""research sources""],""nonShareable"":[""instance answer"",""validation token"",""server seed""]}",notes,NONE,1.0.0,OBJECT_ARRANGEMENT_SIGNATURE,"Normalize only blueprint-declared syntax, then compare with the server-held canonical representation using constant-time equality or validate the submitted arrangement/route against the server-held instance constraints. Client receives only a resolution receipt.",Blueprint-specific exhaustive/CSP/SAT-equivalent solver must return exactly one solution; proof digest is stored with the instance.,1–3 hours,Bobalus points toward the construction simulation representation and suggests the first useful tool without naming an intermediate value.,"Bobalus identifies this operation: Assemble a graph, compute bounded pressure and direction, and read outlet labels in activation order. He injects one instance-specific control label, never the final answer.",MEDIUM,FULL,86,STRONG_CANDIDATE,false,false,false,false
PZB-061,Gear Ratio Seal,Generated gears must mesh to align several seals simultaneously; decorative gears create ratio traps.,CONSTRUCTION_SIMULATION,CRYPTO_NUMERIC_DATA | SPATIAL_FOLDING_GEOMETRY,TIER_3_EXPERT,live assignments 16–32,GEAR_BOARD | RATIO_TABLE,RATIO_TABLE | KEYBOARD_CONTROLS | TACTILE_GEARS,PUZCMP-ACCESSIBILITY-MODE-SWITCHER | PUZCMP-ANSWER-SUBMISSION | PUZCMP-DRAG-CONNECTOR-BOARD | PUZCMP-GRID-VIEWPORT | PUZCMP-HINT-PANEL | PUZCMP-MECHANISM-SIM | PUZCMP-NON3D-EQUIVALENT | PUZCMP-POLYHEDRON-VIEWER | PUZCMP-TIMER-BANNER | PUZCMP-UNDO-RESET-HISTORY,"{""rating"":""SUPPORTED"",""shareable"":[""method"",""tool suggestions"",""partial deductions"",""research sources""],""nonShareable"":[""instance answer"",""validation token"",""server seed""]}",notes,NONE,1.0.0,SIX_DIGIT_CODE,"Normalize only blueprint-declared syntax, then compare with the server-held canonical representation using constant-time equality or validate the submitted arrangement/route against the server-held instance constraints. Client receives only a resolution receipt.",Blueprint-specific exhaustive/CSP/SAT-equivalent solver must return exactly one solution; proof digest is stored with the instance.,1–3 hours,Bobalus points toward the construction simulation representation and suggests the first useful tool without naming an intermediate value.,"Bobalus identifies this operation: Construct the gear graph, propagate rational rotations, reject collisions, and read aligned teeth. He injects one instance-specific control label, never the final answer.",MEDIUM,FULL,86,STRONG_CANDIDATE,false,false,false,false
PZB-062,Balanced Bridge Modules,"Bridge modules have load, span, and connector constraints. Only one arrangement survives every generated load case.",CONSTRUCTION_SIMULATION,SPATIAL_FOLDING_GEOMETRY | LOGIC_CONSTRAINT,TIER_3_EXPERT,live assignments 16–32,MODULE_BOARD | LOAD_DIAGRAMS,SCREEN_READER_DATA | KEYBOARD_ONLY | HIGH_CONTRAST | PRINTABLE_WORKSHEET,PUZCMP-ACCESSIBILITY-MODE-SWITCHER | PUZCMP-ANSWER-SUBMISSION | PUZCMP-DRAG-CONNECTOR-BOARD | PUZCMP-GRID-VIEWPORT | PUZCMP-HINT-PANEL | PUZCMP-MECHANISM-SIM | PUZCMP-PRINTABLE-WORKSHEET | PUZCMP-TIMER-BANNER | PUZCMP-UNDO-RESET-HISTORY,"{""rating"":""SUPPORTED"",""shareable"":[""method"",""tool suggestions"",""partial deductions"",""research sources""],""nonShareable"":[""instance answer"",""validation token"",""server seed""]}",notes,NONE,1.0.0,EIGHT_CHARACTER_ALPHANUMERIC,"Normalize only blueprint-declared syntax, then compare with the server-held canonical representation using constant-time equality or validate the submitted arrangement/route against the server-held instance constraints. Client receives only a resolution receipt.",Blueprint-specific exhaustive/CSP/SAT-equivalent solver must return exactly one solution; proof digest is stored with the instance.,1–3 hours,Bobalus points toward the construction simulation representation and suggests the first useful tool without naming an intermediate value.,"Bobalus identifies this operation: Assemble modules, compute simplified static loads, and read connector markings along the safe deck. He injects one instance-specific control label, never the final answer.",MEDIUM,FULL,86,STRONG_CANDIDATE,false,false,false,false
PZB-063,Circuit Routing Beacon,Route power and signals through a board while avoiding crosstalk and satisfying gate timing. A unique valid trace yields the code.,CONSTRUCTION_SIMULATION,LOGIC_CONSTRAINT | CRYPTO_NUMERIC_DATA,TIER_3_EXPERT,live assignments 16–32,CIRCUIT_BOARD | NETLIST,TEXT_NETLIST | KEYBOARD_ROUTING | HIGH_CONTRAST,PUZCMP-ACCESSIBILITY-MODE-SWITCHER | PUZCMP-ANSWER-SUBMISSION | PUZCMP-DRAG-CONNECTOR-BOARD | PUZCMP-GRID-VIEWPORT | PUZCMP-HINT-PANEL | PUZCMP-MECHANISM-SIM | PUZCMP-TIMER-BANNER | PUZCMP-UNDO-RESET-HISTORY,"{""rating"":""SUPPORTED"",""shareable"":[""method"",""tool suggestions"",""partial deductions"",""research sources""],""nonShareable"":[""instance answer"",""validation token"",""server seed""]}",notes,NONE,1.0.0,ORDERED_SYMBOL_SEQUENCE,"Normalize only blueprint-declared syntax, then compare with the server-held canonical representation using constant-time equality or validate the submitted arrangement/route against the server-held instance constraints. Client receives only a resolution receipt.",Blueprint-specific exhaustive/CSP/SAT-equivalent solver must return exactly one solution; proof digest is stored with the instance.,1–3 hours,Bobalus points toward the construction simulation representation and suggests the first useful tool without naming an intermediate value.,"Bobalus identifies this operation: Solve connectivity, layer, and timing constraints; hash the ordered terminal route. He injects one instance-specific control label, never the final answer.",MEDIUM,FULL,90,PROMISING_REQUIRES_PROTOTYPE,true,false,false,false
PZB-064,Counterweight Loom,Counterweights select warp threads while a beat pattern schedules lifts. The woven strip reveals a generated phrase.,CONSTRUCTION_SIMULATION,TEXT_LANGUAGE_LITERARY | AUDIO_MUSIC_SPECTRAL,TIER_5_ORDEAL,live assignments 38–48 and authored finales,MECHANISM | RHYTHM | TEXTILE_GRID,RHYTHM_NOTATION | CONNECTION_TABLE | TACTILE_GRID,PUZCMP-ACCESSIBILITY-MODE-SWITCHER | PUZCMP-ANSWER-SUBMISSION | PUZCMP-AUDIO-TRANSPORT | PUZCMP-COLLABORATION-PACKET | PUZCMP-DRAG-CONNECTOR-BOARD | PUZCMP-GRID-VIEWPORT | PUZCMP-HINT-PANEL | PUZCMP-MECHANISM-SIM | PUZCMP-MUSIC-NOTATION-RAIL | PUZCMP-TILE-SIGNAL | PUZCMP-TIMER-BANNER | PUZCMP-UNDO-RESET-HISTORY,"{""rating"":""STRONG"",""divisibleTasks"":true,""shareable"":[""method"",""tool suggestions"",""partial deductions"",""research sources""],""nonShareable"":[""instance answer"",""validation token"",""server seed""]}",notes,NONE,1.0.0,SHORT_PHRASE,"Normalize only blueprint-declared syntax, then compare with the server-held canonical representation using constant-time equality or validate the submitted arrangement/route against the server-held instance constraints. Client receives only a resolution receipt.","Generate two independent derivations and property-test the carrier, controls, and answer; reject any instance with a second valid parse.",6–20 hours across sessions,Bobalus points toward the construction simulation representation and suggests the first useful tool without naming an intermediate value.,"Bobalus identifies this operation: Balance beam groups, apply captioned rhythm events, and render over/under crossings as pixels. He injects one instance-specific control label, never the final answer.",MEDIUM,FULL,84,HIGH_COMPLEXITY_SHOWPIECE,false,false,false,true
PZB-065,Chess Fragments in Prose,Ordinal-prefixed coordinate fragments hidden in prose reconstruct a legal generated chess game. Both sides finish with equal piece counts; the answer is the total remaining.,CROSS_MODAL,TEXT_LANGUAGE_LITERARY | LOGIC_CONSTRAINT | CRYPTO_NUMERIC_DATA,TIER_4_MASTER,live assignments 27–43,TEXT | CHESS_BOARD | MOVE_LIST,ALGEBRAIC_MOVE_LIST | TACTILE_BOARD | SCREEN_READER_BOARD,PUZCMP-ACCESSIBILITY-MODE-SWITCHER | PUZCMP-ANSWER-SUBMISSION | PUZCMP-CHESS-REPLAY | PUZCMP-COLLABORATION-PACKET | PUZCMP-GRID-VIEWPORT | PUZCMP-HINT-PANEL | PUZCMP-TIMER-BANNER | PUZCMP-UNDO-RESET-HISTORY,"{""rating"":""STRONG"",""divisibleTasks"":true,""shareable"":[""method"",""tool suggestions"",""partial deductions"",""research sources""],""nonShareable"":[""instance answer"",""validation token"",""server seed""]}",chessboard | optional chess engine,NONE,1.0.0,INTEGER_PIECES_REMAINING,"Normalize only blueprint-declared syntax, then compare with the server-held canonical representation using constant-time equality or validate the submitted arrangement/route against the server-held instance constraints. Client receives only a resolution receipt.",Blueprint-specific exhaustive/CSP/SAT-equivalent solver must return exactly one solution; proof digest is stored with the instance.,3–8 hours,"Some number-letter fragments are moves, and their leading numbers are not part of the board.","Sort candidate fragments by the leading ordinal, replay the remaining four-character coordinates under legal chess rules, then count all pieces still on the board.",MEDIUM,FULL,92,STRONG_CANDIDATE,true,true,false,false
PZB-066,Braille-Audio Constellation,An original cross-modal design: star groups form Braille cells while inter-star tone intervals independently confirm dot order. Neither channel alone exposes the entire instance.,CROSS_MODAL,AUDIO_MUSIC_SPECTRAL | SPATIAL_FOLDING_GEOMETRY | TEXT_LANGUAGE_LITERARY,TIER_4_MASTER,live assignments 27–43,STAR_MAP | NON_PITCH_INTERVAL_LABELS | BRAILLE_CELLS | HAPTIC_DOTS,TACTILE_BRAILLE_MAP | INTERVAL_TABLE | CAPTIONS | HAPTIC_DOTS,PUZCMP-ACCESSIBILITY-MODE-SWITCHER | PUZCMP-ANSWER-SUBMISSION | PUZCMP-COLLABORATION-PACKET | PUZCMP-GRID-VIEWPORT | PUZCMP-HINT-PANEL | PUZCMP-NON3D-EQUIVALENT | PUZCMP-POLYHEDRON-VIEWER | PUZCMP-RHYTHM-HAPTIC-TRACK | PUZCMP-TIMER-BANNER | PUZCMP-UNDO-RESET-HISTORY,"{""rating"":""STRONG"",""divisibleTasks"":true,""shareable"":[""method"",""tool suggestions"",""partial deductions"",""research sources""],""nonShareable"":[""instance answer"",""validation token"",""server seed""]}",notes,NONE,1.0.0,OBJECT_ARRANGEMENT_SIGNATURE,"Normalize only blueprint-declared syntax, then compare with the server-held canonical representation using constant-time equality or validate the submitted arrangement/route against the server-held instance constraints. Client receives only a resolution receipt.","Generate two independent derivations and property-test the carrier, controls, and answer; reject any instance with a second valid parse.",3–8 hours,Bobalus points toward the cross modal representation and suggests the first useful tool without naming an intermediate value.,"Bobalus identifies this operation: Order stars by captioned interval class, map lit positions to Braille dots, and read the generated short phrase. He injects one instance-specific control label, never the final answer.",MEDIUM,FULL,92,STRONG_CANDIDATE,true,true,false,false
PZB-067,Weather Sonification Map,"Generated weather fields are available as a map, sonification, and numeric table. Cross-modal anomalies select a route.",CROSS_MODAL,AUDIO_MUSIC_SPECTRAL | VISUAL_COLOR_OPTICAL | CRYPTO_NUMERIC_DATA,TIER_2_ADEPT,live assignments 7–20,MAP | SONIFICATION | DATA_TABLE,DATA_TABLE | CAPTIONS | TACTILE_MAP,PUZCMP-ACCESSIBILITY-MODE-SWITCHER | PUZCMP-ANSWER-SUBMISSION | PUZCMP-AUDIO-TRANSPORT | PUZCMP-GRID-VIEWPORT | PUZCMP-HINT-PANEL | PUZCMP-TIMER-BANNER | PUZCMP-UNDO-RESET-HISTORY,"{""rating"":""SUPPORTED"",""shareable"":[""method"",""tool suggestions"",""partial deductions"",""research sources""],""nonShareable"":[""instance answer"",""validation token"",""server seed""]}",notes,NONE,1.0.0,ORDERED_ROUTE,"Normalize only blueprint-declared syntax, then compare with the server-held canonical representation using constant-time equality or validate the submitted arrangement/route against the server-held instance constraints. Client receives only a resolution receipt.","Generate two independent derivations and property-test the carrier, controls, and answer; reject any instance with a second valid parse.",30–75 minutes,Bobalus points toward the cross modal representation and suggests the first useful tool without naming an intermediate value.,"Bobalus identifies this operation: Normalize pressure, wind, and rainfall channels; find cells where map and sonification controls agree; follow time order. He injects one instance-specific control label, never the final answer.",MEDIUM,FULL,86,STRONG_CANDIDATE,false,false,false,false
PZB-068,Gesture-Punctuation Score,A captioned movement score uses punctuation as gestures and rhythm as timing. Performing or simulating the generated sequence traces symbols.,CROSS_MODAL,TEXT_LANGUAGE_LITERARY | SPATIAL_FOLDING_GEOMETRY | AUDIO_MUSIC_SPECTRAL,TIER_2_ADEPT,live assignments 7–20,TEXT_SCORE | AUDIO_RHYTHM | GESTURE_PATH,KEYBOARD_SIMULATION | RHYTHM_NOTATION | MOTION_OPTIONAL | REDUCED_MOTION,PUZCMP-ACCESSIBILITY-MODE-SWITCHER | PUZCMP-ANSWER-SUBMISSION | PUZCMP-AUDIO-TRANSPORT | PUZCMP-HINT-PANEL | PUZCMP-MUSIC-NOTATION-RAIL | PUZCMP-TIMER-BANNER | PUZCMP-UNDO-RESET-HISTORY,"{""rating"":""SUPPORTED"",""shareable"":[""method"",""tool suggestions"",""partial deductions"",""research sources""],""nonShareable"":[""instance answer"",""validation token"",""server seed""]}",notes,NONE,1.0.0,EIGHT_CHARACTER_ALPHANUMERIC,"Normalize only blueprint-declared syntax, then compare with the server-held canonical representation using constant-time equality or validate the submitted arrangement/route against the server-held instance constraints. Client receives only a resolution receipt.","Generate two independent derivations and property-test the carrier, controls, and answer; reject any instance with a second valid parse.",30–75 minutes,Bobalus points toward the cross modal representation and suggests the first useful tool without naming an intermediate value.,"Bobalus identifies this operation: Map punctuation to direction, duration to distance, and pauses to pen lifts; plot the path. He injects one instance-specific control label, never the final answer.",MEDIUM,FULL,86,STRONG_CANDIDATE,false,false,false,false
PZB-069,Spectrogram Foldout Chronicle,A chronicle's fold marks align with spectrogram bands and marginal phrases. Several plausible alignments exist until chronology and audio controls agree.,CROSS_MODAL,AUDIO_MUSIC_SPECTRAL | VISUAL_COLOR_OPTICAL | TEXT_LANGUAGE_LITERARY,TIER_5_ORDEAL,live assignments 38–48 and authored finales,AUDIO | SPECTROGRAM | FOLDING_DOCUMENT | TIMELINE,FREQUENCY_TABLE | COORDINATE_FOLD_TABLE | CAPTIONS,PUZCMP-ACCESSIBILITY-MODE-SWITCHER | PUZCMP-ANSWER-SUBMISSION | PUZCMP-AUDIO-TRANSPORT | PUZCMP-COLLABORATION-PACKET | PUZCMP-DOCUMENT-COMPARE | PUZCMP-HINT-PANEL | PUZCMP-IMAGE-TRANSFORM | PUZCMP-NON3D-EQUIVALENT | PUZCMP-POLYHEDRON-VIEWER | PUZCMP-SPECTROGRAM | PUZCMP-TIMER-BANNER | PUZCMP-UNDO-RESET-HISTORY,"{""rating"":""STRONG"",""divisibleTasks"":true,""shareable"":[""method"",""tool suggestions"",""partial deductions"",""research sources""],""nonShareable"":[""instance answer"",""validation token"",""server seed""]}",notes,NONE,1.0.0,ORDERED_SYMBOL_SEQUENCE,"Normalize only blueprint-declared syntax, then compare with the server-held canonical representation using constant-time equality or validate the submitted arrangement/route against the server-held instance constraints. Client receives only a resolution receipt.","Generate two independent derivations and property-test the carrier, controls, and answer; reject any instance with a second valid parse.",6–20 hours across sessions,Bobalus points toward the cross modal representation and suggests the first useful tool without naming an intermediate value.,"Bobalus identifies this operation: Render the spectrum or use its frequency table, fold the document at generated marks, align dated phrases, and read overlaps. He injects one instance-specific control label, never the final answer.",MEDIUM,FULL,84,HIGH_COMPLEXITY_SHOWPIECE,false,false,false,true
PZB-070,Tangram Phoneme Lock,"Tangram silhouettes correspond to mouth-shape diagrams, while synthetic phoneme labels order the pieces. The assembled lock yields an arrangement signature.",CROSS_MODAL,SPATIAL_FOLDING_GEOMETRY | AUDIO_MUSIC_SPECTRAL | LOGIC_CONSTRAINT,TIER_4_MASTER,live assignments 27–43,TANGRAM | PHONEME_TABLE | AUDIO_OPTION,PHONEME_FEATURE_TABLE | TACTILE_TANGRAM | CAPTIONS,PUZCMP-ACCESSIBILITY-MODE-SWITCHER | PUZCMP-ANSWER-SUBMISSION | PUZCMP-AUDIO-TRANSPORT | PUZCMP-HINT-PANEL | PUZCMP-SHAPE-LAYER | PUZCMP-TIMER-BANNER | PUZCMP-UNDO-RESET-HISTORY,"{""rating"":""SUPPORTED"",""shareable"":[""method"",""tool suggestions"",""partial deductions"",""research sources""],""nonShareable"":[""instance answer"",""validation token"",""server seed""]}",notes,NONE,1.0.0,SHORT_PHRASE,"Normalize only blueprint-declared syntax, then compare with the server-held canonical representation using constant-time equality or validate the submitted arrangement/route against the server-held instance constraints. Client receives only a resolution receipt.",Blueprint-specific exhaustive/CSP/SAT-equivalent solver must return exactly one solution; proof digest is stored with the instance.,3–8 hours,Bobalus points toward the cross modal representation and suggests the first useful tool without naming an intermediate value.,"Bobalus identifies this operation: Match captioned phoneme features to silhouettes, assemble the unique tangram, and submit piece orientation order. He injects one instance-specific control label, never the final answer.",MEDIUM,FULL,90,STRONG_CANDIDATE,false,false,false,false
